County,1/22/20,1/23/20,1/24/20,1/25/20,1/26/20,1/27/20,1/28/20,1/29/20,1/30/20,1/31/20,2/1/20,2/2/20,2/3/20,2/4/20,2/5/20,2/6/20,2/7/20,2/8/20,2/9/20,2/10/20,2/11/20,2/12/20,2/13/20,2/14/20,2/15/20,2/16/20,2/17/20,2/18/20,2/19/20,2/20/20,2/21/20,2/22/20,2/23/20,2/24/20,2/25/20,2/26/20,2/27/20,2/28/20,2/29/20,3/1/20,3/2/20,3/3/20,3/4/20,3/5/20,3/6/20,3/7/20,3/8/20,3/9/20,3/10/20,3/11/20,3/12/20,3/13/20,3/14/20,3/15/20,3/16/20,3/17/20,3/18/20,3/19/20,3/20/20,3/21/20,3/22/20,3/23/20,3/24/20,3/25/20,3/26/20,3/27/20,3/28/20,3/29/20,3/30/20,3/31/20,4/1/20,4/2/20,4/3/20,4/4/20,4/5/20,4/6/20,4/7/20,4/8/20,4/9/20,4/10/20,4/11/20,4/12/20,4/13/20,4/14/20,4/15/20,4/16/20,4/17/20,4/18/20,4/19/20,4/20/20,4/21/20,4/22/20,4/23/20,4/24/20,4/25/20,4/26/20,4/27/20,4/28/20,4/29/20,4/30/20,5/1/20,5/2/20,5/3/20,5/4/20,5/5/20,5/6/20,5/7/20,5/8/20,5/9/20,5/10/20,5/11/20,5/12/20,5/13/20,5/14/20,5/15/20,5/16/20,5/17/20,5/18/20,5/19/20,5/20/20,5/21/20,5/22/20,5/23/20,5/24/20,5/25/20,5/26/20,5/27/20,5/28/20,5/29/20,5/30/20,5/31/20,6/1/20,6/2/20,6/3/20,6/4/20,6/5/20,6/6/20,6/7/20,6/8/20,6/9/20,6/10/20,6/11/20,6/12/20,6/13/20,6/14/20,6/15/20,6/16/20,6/17/20,6/18/20,6/19/20,6/20/20,6/21/20,6/22/20,6/23/20,6/24/20,6/25/20,6/26/20,6/27/20,6/28/20,6/29/20,6/30/20,7/1/20,7/2/20,7/3/20,7/4/20,7/5/20,7/6/20,7/7/20,7/8/20,7/9/20,7/10/20,7/11/20,7/12/20,7/13/20,7/14/20,7/15/20,7/16/20,7/17/20,7/18/20,7/19/20,7/20/20,7/21/20,7/22/20,7/23/20,7/24/20,7/25/20,7/26/20,7/27/20,7/28/20,7/29/20,7/30/20,7/31/20,8/1/20,8/2/20,8/3/20,8/4/20,8/5/20,8/6/20,8/7/20,8/8/20,8/9/20,8/10/20,8/11/20,8/12/20,8/13/20,8/14/20,8/15/20,8/16/20,8/17/20,8/18/20,8/19/20,8/20/20,8/21/20,8/22/20,8/23/20,8/24/20,8/25/20,8/26/20,8/27/20,8/28/20,8/29/20,8/30/20,8/31/20,9/1/20,9/2/20,9/3/20,9/4/20,9/5/20,9/6/20,9/7/20,9/8/20,9/9/20,9/10/20,9/11/20,9/12/20,9/13/20,9/14/20,9/15/20,9/16/20,9/17/20,9/18/20,9/19/20,9/20/20,9/21/20,9/22/20,9/23/20,9/24/20,9/25/20,9/26/20,9/27/20,9/28/20,9/29/20,9/30/20,10/1/20,10/2/20,10/3/20,10/4/20,10/5/20,10/6/20,10/7/20,10/8/20,10/9/20,10/10/20,10/11/20,10/12/20,10/13/20,10/14/20,10/15/20,10/16/20,10/17/20,10/18/20,10/19/20,10/20/20,10/21/20,10/22/20,10/23/20,10/24/20,10/25/20,10/26/20,10/27/20,10/28/20,10/29/20,10/30/20,10/31/20,11/1/20,11/2/20,11/3/20,11/4/20,11/5/20,11/6/20,11/7/20,11/8/20,11/9/20,11/10/20,11/11/20,11/12/20,11/13/20,11/14/20,11/15/20,11/16/20,11/17/20,11/18/20,11/19/20,11/20/20,11/21/20,11/22/20,11/23/20,11/24/20,11/25/20,11/26/20,11/27/20,11/28/20,11/29/20,11/30/20,12/1/20,12/2/20,12/3/20,12/4/20,12/5/20,12/6/20,12/7/20,12/8/20,12/9/20,12/10/20,12/11/20,12/12/20,12/13/20,12/14/20,12/15/20,12/16/20,12/17/20,12/18/20,12/19/20,12/20/20,12/21/20,12/22/20,12/23/20,12/24/20,12/25/20,12/26/20,12/27/20,12/28/20,12/29/20,12/30/20,12/31/20,1/1/21,1/2/21,1/3/21,1/4/21,1/5/21,1/6/21,1/7/21,1/8/21,1/9/21,1/10/21,1/11/21,1/12/21,1/13/21,1/14/21,1/15/21,1/16/21,1/17/21,1/18/21,1/19/21,1/20/21,1/21/21,1/22/21,1/23/21,1/24/21,1/25/21,1/26/21,1/27/21,1/28/21,1/29/21,1/30/21,1/31/21,2/1/21,2/2/21,2/3/21,2/4/21,2/5/21,2/6/21,2/7/21,2/8/21,2/9/21,2/10/21,2/11/21,2/12/21,2/13/21,2/14/21,2/15/21,2/16/21,2/17/21,2/18/21,2/19/21,2/20/21,2/21/21,2/22/21,2/23/21,2/24/21,2/25/21,2/26/21,2/27/21,2/28/21,3/1/21,3/2/21,3/3/21,3/4/21,3/5/21,3/6/21,3/7/21,3/8/21,3/9/21,3/10/21,3/11/21,3/12/21,3/13/21,3/14/21,3/15/21,3/16/21,3/17/21,3/18/21,3/19/21,3/20/21,3/21/21,3/22/21,3/23/21,3/24/21,3/25/21,3/26/21,3/27/21,3/28/21,3/29/21,3/30/21,3/31/21,4/1/21,4/2/21,4/3/21,4/4/21,4/5/21,4/6/21,4/7/21,4/8/21,4/9/21,4/10/21,4/11/21,4/12/21,4/13/21,4/14/21,4/15/21,4/16/21,4/17/21,4/18/21,4/19/21,4/20/21,4/21/21,4/22/21,4/23/21,4/24/21,4/25/21,4/26/21,4/27/21,4/28/21,4/29/21,4/30/21,5/1/21,5/2/21,5/3/21,5/4/21,5/5/21,5/6/21,5/7/21,5/8/21,5/9/21,5/10/21,5/11/21,5/12/21,5/13/21,5/14/21,5/15/21,5/16/21,5/17/21,5/18/21,5/19/21,5/20/21,5/21/21,5/22/21,5/23/21,5/24/21,5/25/21,5/26/21,5/27/21,5/28/21,5/29/21,5/30/21,5/31/21,6/1/21
Adams,0,0,0,0,0,0,0,0,0,0,0,0,0,0,0,0,0,0,0,0,0,0,0,0,0,0,0,0,0,0,0,0,0,0,0,0,0,0,0,0,0,0,0,0,0,0,0,0,0,0,0,0,0,0,0,0,0,0,4,0,1,1,0,0,1,1,0,0,0,1,3,6,1,2,1,3,3,5,5,5,1,4,8,7,1,3,3,4,6,5,6,1,3,15,3,4,5,2,6,7,3,1,4,3,0,0,3,3,2,3,8,0,2,5,9,2,4,5,0,3,7,10,8,4,1,6,3,4,1,4,6,-1,5,5,3,1,5,4,2,0,3,1,5,5,1,6,2,2,4,5,2,3,3,5,-1,2,1,3,1,4,7,2,1,2,5,3,0,6,3,5,11,8,11,2,1,0,10,1,2,1,1,7,3,13,4,1,0,0,6,6,7,1,7,5,6,1,2,7,7,1,20,6,7,4,4,5,3,1,0,0,4,5,4,5,2,2,4,6,5,14,33,5,5,6,32,6,11,9,2,3,4,2,4,2,11,3,5,7,9,7,1,16,6,8,3,11,5,7,2,9,2,2,15,2,10,0,16,5,6,6,13,6,13,6,4,6,12,5,9,14,11,21,13,5,9,18,8,14,16,18,15,11,14,21,5,11,34,6,17,36,30,23,17,24,26,23,37,13,12,24,35,35,24,25,30,97,11,34,26,43,31,65,30,25,19,49,131,65,132,64,24,58,63,93,66,76,149,78,37,64,84,126,163,61,67,47,145,99,52,114,67,41,63,152,80,92,52,67,18,79,108,86,86,85,111,60,33,74,134,48,59,81,62,60,80,53,45,53,45,53,42,77,46,25,36,57,14,25,28,41,32,50,25,17,25,22,33,19,24,40,18,25,16,23,33,28,18,16,26,24,17,26,21,23,11,14,34,25,21,28,23,7,40,26,25,37,22,21,7,15,33,18,19,25,21,13,16,48,40,60,33,33,20,54,50,32,50,46,23,12,27,38,33,42,50,28,11,35,40,63,48,43,19,18,40,46,23,23,36,28,10,29,45,24,39,25,30,17,25,19,24,24,16,16,5,20,15,24,18,23,8,11,15,17,10,15,18,9,5,2,13,9,8,4,6,3,4
Allegheny,0,0,0,0,0,0,0,0,0,0,0,0,0,0,0,0,0,0,0,0,0,0,0,0,0,0,0,0,0,0,0,0,0,0,0,0,0,0,0,0,0,0,0,0,0,0,0,0,0,0,0,0,2,0,4,4,3,5,10,3,9,8,10,30,45,25,61,46,25,35,31,63,57,76,53,37,47,31,39,29,48,21,19,17,11,21,22,62,26,7,17,29,61,28,21,13,13,11,38,16,30,14,12,20,10,19,45,16,31,17,8,15,19,6,31,13,8,38,17,29,31,21,14,24,28,11,12,23,19,27,14,8,9,24,13,8,16,14,5,19,7,21,10,11,3,7,27,0,9,17,20,16,45,19,45,37,61,90,96,83,109,110,233,177,150,127,218,204,230,158,180,215,200,71,331,246,140,240,135,138,172,139,96,147,198,146,133,180,119,125,132,244,66,82,68,132,70,100,97,87,61,75,76,70,114,90,77,74,71,45,27,100,80,61,86,29,58,14,61,63,83,99,37,29,68,105,92,68,62,39,37,68,54,100,57,87,55,90,73,79,68,85,74,42,42,46,60,68,106,61,72,71,43,106,73,0,204,46,77,43,127,78,81,97,82,74,97,139,149,138,116,99,103,119,133,158,131,104,73,106,199,149,173,174,144,120,150,200,189,239,288,260,270,317,366,412,378,370,527,500,288,620,609,484,594,576,386,541,555,773,869,663,520,400,603,508,1028,911,1197,854,616,693,727,1166,1322,1198,897,750,1059,1074,850,827,1015,631,781,797,830,912,657,552,401,193,1020,525,811,553,1048,380,472,565,881,664,967,849,519,368,694,670,499,420,526,516,280,434,463,425,343,464,286,334,282,376,358,364,326,233,169,300,328,313,335,270,260,190,405,239,270,252,306,212,182,199,215,247,257,285,264,110,274,250,224,412,313,220,184,200,186,276,288,276,141,137,348,209,240,296,329,151,124,306,285,296,346,368,257,168,364,498,283,586,399,312,328,412,418,327,441,653,302,220,532,418,379,593,372,469,248,430,1321,403,491,405,225,203,389,340,299,350,367,217,94,260,242,214,366,271,239,215,222,158,177,191,246,120,71,224,183,142,144,186,91,71,166,93,140,119,80,71,52,62,72,47,72,48,39,25,49
Armstrong,0,0,0,0,0,0,0,0,0,0,0,0,0,0,0,0,0,0,0,0,0,0,0,0,0,0,0,0,0,0,0,0,0,0,0,0,0,0,0,0,0,0,0,0,0,0,0,0,0,0,0,0,0,0,0,0,0,0,0,0,0,0,1,0,0,0,1,1,0,2,0,2,4,1,0,1,5,1,1,2,4,1,1,0,1,3,0,4,2,0,0,1,4,0,3,0,1,3,0,1,1,0,0,0,1,2,0,0,0,0,0,0,1,0,1,1,0,0,0,0,0,0,0,0,0,1,2,1,0,0,0,0,0,2,0,0,1,0,0,0,0,0,1,0,0,0,2,0,0,1,0,0,0,1,0,0,2,1,0,0,1,2,1,1,1,-1,0,1,0,1,4,0,2,0,2,6,2,1,0,17,5,3,7,5,4,13,12,3,3,5,4,1,5,3,1,4,4,4,4,4,4,4,6,8,7,5,2,-2,2,1,5,16,3,7,6,3,6,6,4,7,4,1,1,6,4,17,2,6,0,3,1,13,4,8,2,2,2,2,8,5,5,6,1,7,3,3,0,4,3,4,4,5,4,4,4,0,7,8,2,3,8,10,11,4,3,11,5,11,10,19,0,6,13,3,12,20,16,7,10,35,9,25,15,30,17,22,19,18,31,21,31,20,29,24,50,40,43,51,30,36,26,54,64,46,55,22,18,35,57,53,39,40,21,19,44,26,30,84,73,27,50,46,41,65,57,74,52,37,51,53,36,69,99,39,53,36,74,61,78,19,35,17,57,72,110,42,58,34,17,55,67,85,68,62,39,5,55,61,64,34,46,33,12,29,40,34,30,12,24,10,40,15,24,12,22,8,12,12,12,12,6,24,11,11,19,12,22,13,14,8,11,6,9,15,10,10,6,2,9,8,10,5,11,4,3,5,4,5,13,5,2,5,2,8,8,12,7,4,3,16,19,6,8,10,3,5,8,14,16,11,9,9,6,16,22,16,21,17,11,6,20,22,23,19,34,11,2,20,15,35,21,43,10,13,15,23,21,21,24,13,5,25,14,16,30,5,9,13,17,19,17,9,10,5,7,20,10,6,11,9,5,4,9,3,5,11,10,4,1,1,3,9,6,3,1,1,1
Beaver,0,0,0,0,0,0,0,0,0,0,0,0,0,0,0,0,0,0,0,0,0,0,0,0,0,0,0,0,0,0,0,0,0,0,0,0,0,0,0,0,0,0,0,0,0,0,0,0,0,0,0,0,0,0,0,1,1,0,1,0,0,0,0,4,6,1,8,6,16,8,2,1,10,4,15,12,20,12,1,10,4,2,8,3,2,10,10,100,10,10,5,14,2,18,22,7,21,1,4,13,21,9,0,23,8,5,1,7,3,9,0,2,16,3,4,2,-1,16,1,5,0,11,2,2,14,2,0,9,3,7,1,0,1,3,5,-1,0,5,0,5,2,0,1,0,0,2,0,2,1,3,2,3,1,5,4,3,1,4,6,3,18,9,10,18,14,17,5,28,15,11,13,14,14,8,25,14,9,25,31,9,10,43,35,7,31,17,15,11,37,12,13,23,7,13,5,24,8,11,14,18,4,10,6,19,23,8,19,6,3,13,14,10,38,11,5,3,11,11,6,41,24,6,8,7,12,23,41,8,4,4,4,8,9,26,10,5,11,13,8,10,6,14,2,2,1,6,11,16,6,8,15,4,19,16,13,0,18,2,20,2,12,15,6,11,10,22,13,18,15,17,14,4,10,2,43,7,22,5,5,9,15,13,19,23,18,22,15,35,23,13,37,15,6,41,87,59,58,28,62,21,51,96,90,52,89,65,58,75,120,98,126,101,105,33,103,91,204,132,289,117,76,83,187,207,212,327,119,85,140,197,301,147,165,88,94,126,188,106,90,62,19,12,168,135,139,71,203,44,62,89,167,116,168,130,77,61,128,105,85,112,120,62,40,57,96,44,61,47,31,40,24,86,74,57,53,42,34,38,57,67,58,26,29,21,74,52,79,38,65,10,37,49,64,42,59,61,36,16,70,43,30,37,46,24,19,33,37,42,37,34,21,7,57,27,18,26,26,14,14,40,21,10,29,25,13,9,44,36,41,64,51,21,42,61,48,43,58,68,21,10,86,61,55,65,60,73,35,83,71,74,60,48,21,11,81,37,66,54,44,32,8,45,39,31,76,28,26,19,33,29,30,43,38,12,10,61,36,30,36,37,6,9,39,16,32,22,6,12,7,15,15,18,10,5,2,3,7
Bedford,0,0,0,0,0,0,0,0,0,0,0,0,0,0,0,0,0,0,0,0,0,0,0,0,0,0,0,0,0,0,0,0,0,0,0,0,0,0,0,0,0,0,0,0,0,0,0,0,0,0,0,0,0,0,0,0,0,0,0,0,0,0,0,0,0,0,0,0,0,2,1,0,0,1,0,0,0,0,0,-1,2,0,0,0,4,2,2,1,1,0,1,0,4,1,0,0,0,1,2,0,0,0,0,0,2,1,0,1,1,0,0,0,0,1,0,2,0,0,0,0,4,0,1,0,0,0,1,0,1,0,0,1,0,1,1,1,0,1,1,0,0,1,0,0,2,4,1,6,2,2,2,1,0,3,2,1,4,1,4,0,1,5,1,1,0,0,0,1,0,1,1,0,0,0,1,1,1,4,1,5,0,1,3,0,3,1,10,0,0,1,3,1,0,2,0,3,1,2,2,3,1,1,0,2,0,5,1,2,1,1,1,1,2,1,1,0,0,1,4,1,1,2,0,0,2,4,0,1,1,1,2,6,4,8,3,9,1,1,6,3,1,1,4,1,2,4,0,3,0,4,0,1,2,5,3,0,9,0,2,5,4,1,3,14,4,4,10,6,8,6,8,1,4,6,11,10,9,4,1,9,6,6,10,33,15,21,15,14,38,31,30,37,20,23,36,38,43,90,33,24,27,44,43,44,34,47,34,39,38,63,78,43,68,10,34,34,48,54,78,50,25,69,102,86,86,62,76,32,53,53,24,40,64,40,29,23,23,34,17,39,7,15,40,22,30,13,32,27,14,23,30,34,43,24,28,9,39,17,62,16,23,18,8,11,20,10,11,19,16,16,13,42,13,18,26,4,4,12,10,6,11,7,5,8,10,10,7,4,7,-1,6,10,7,2,8,3,3,6,5,3,2,3,9,2,3,7,3,3,11,8,4,1,3,7,2,12,8,2,1,11,2,3,0,15,4,0,6,2,9,4,3,4,0,1,9,6,16,13,10,2,9,12,4,9,7,13,6,26,13,18,21,14,16,8,24,17,23,21,15,10,2,19,5,10,25,10,8,9,6,17,14,19,9,8,3,12,9,20,11,9,4,1,11,3,17,11,3,10,2,18,5,8,17,6,6,3,9
Berks,0,0,0,0,0,0,0,0,0,0,0,0,0,0,0,0,0,0,0,0,0,0,0,0,0,0,0,0,0,0,0,0,0,0,0,0,0,0,0,0,0,0,0,0,0,0,0,0,0,0,0,0,0,0,0,0,1,0,4,2,6,1,2,4,16,29,0,3,14,28,41,17,33,34,41,50,43,47,200,104,210,105,115,97,88,84,118,211,150,47,43,81,143,127,67,85,35,79,32,61,50,62,76,62,56,44,47,95,67,114,46,36,32,45,63,50,34,42,16,28,21,54,7,40,18,16,33,21,15,14,59,13,33,25,20,15,17,17,17,18,15,11,19,22,16,5,17,9,9,15,14,19,12,25,9,8,13,13,11,23,6,32,4,6,2,7,3,25,17,24,16,17,12,8,10,34,19,18,17,23,24,20,24,30,58,31,9,27,36,20,25,27,16,22,28,30,19,35,19,32,29,25,24,39,21,38,34,26,12,44,38,22,38,38,33,33,42,27,26,38,32,29,15,39,34,45,40,47,22,29,32,50,18,30,79,23,43,54,59,41,32,28,32,29,41,36,24,16,43,47,22,50,45,29,43,0,93,27,42,69,75,87,75,55,38,82,60,74,67,110,81,84,81,75,99,66,117,109,100,131,135,98,93,81,86,87,125,112,86,107,113,77,92,148,172,132,137,155,168,159,191,179,194,133,164,158,203,169,139,299,172,175,180,82,109,282,463,326,378,277,258,419,280,405,288,362,253,362,312,317,354,297,290,271,287,250,291,305,336,296,273,189,272,396,285,319,294,180,86,502,360,343,351,324,314,220,338,382,290,259,372,205,148,338,189,180,254,286,126,131,188,215,189,1465,194,96,136,130,114,147,98,162,166,95,144,105,135,131,144,41,52,129,110,178,65,101,65,80,75,122,68,106,101,81,41,92,97,189,108,122,71,66,85,82,129,211,110,105,62,147,132,124,137,316,90,52,148,276,198,214,142,124,91,287,189,159,171,334,133,144,206,144,203,201,183,127,91,550,151,223,217,195,97,92,255,152,211,162,201,144,110,168,257,233,191,158,77,30,237,134,140,161,89,45,54,120,93,97,101,78,63,59,69,54,34,98,63,32,39,53,48,27,41,56,28,25,14
Blair,0,0,0,0,0,0,0,0,0,0,0,0,0,0,0,0,0,0,0,0,0,0,0,0,0,0,0,0,0,0,0,0,0,0,0,0,0,0,0,0,0,0,0,0,0,0,0,0,0,0,0,0,0,0,0,0,0,0,0,0,0,0,0,0,1,0,1,1,3,-2,0,0,0,1,0,0,1,0,0,3,1,0,1,0,1,1,1,0,-1,1,0,0,1,4,2,0,0,0,2,0,0,0,1,1,0,0,3,0,0,0,1,1,1,1,0,2,4,0,0,1,5,2,0,0,2,0,0,1,0,1,0,0,1,1,0,1,0,0,0,0,0,0,1,1,0,0,0,0,0,1,2,0,0,3,8,0,0,2,0,1,-1,1,2,5,2,3,3,2,1,3,6,3,2,1,2,6,5,8,3,6,7,7,10,-2,8,6,5,0,15,8,2,3,10,10,9,5,3,14,10,9,10,9,5,4,2,13,21,13,3,1,11,10,14,3,10,4,7,8,5,7,9,13,5,4,3,4,18,3,2,1,2,6,2,5,6,10,5,4,1,3,8,11,25,5,10,10,22,17,19,12,10,16,11,12,13,0,38,16,15,17,10,7,14,29,18,11,10,24,30,23,23,8,24,19,23,16,29,18,23,26,25,31,38,70,80,73,45,80,79,38,45,90,47,49,74,149,65,134,91,83,78,72,124,233,95,153,87,81,102,115,173,139,153,119,90,97,98,118,221,109,68,164,136,175,210,223,79,120,218,103,93,112,144,88,98,86,105,149,47,118,34,40,101,61,59,70,139,98,54,70,102,98,104,65,111,65,63,101,67,89,52,88,52,40,56,48,60,58,37,45,24,43,32,44,42,30,34,47,64,25,30,39,22,27,51,20,29,25,38,10,14,9,13,30,23,24,13,8,19,11,4,18,11,17,7,22,9,14,17,20,19,2,23,12,15,18,15,9,5,15,12,20,23,13,13,8,22,28,28,34,113,-78,26,29,30,29,16,69,16,13,62,33,20,50,57,53,4,85,50,30,83,79,41,16,52,89,47,57,72,38,9,63,43,29,72,38,70,36,48,23,34,49,51,22,16,69,27,20,25,46,12,4,37,19,25,37,21,31,5,30,24,15,20,32,3,7,16
Bradford,0,0,0,0,0,0,0,0,0,0,0,0,0,0,0,0,0,0,0,0,0,0,0,0,0,0,0,0,0,0,0,0,0,0,0,0,0,0,0,0,0,0,0,0,0,0,0,0,0,0,0,0,0,0,0,0,0,0,0,0,0,0,1,0,1,0,1,0,0,4,1,0,1,1,0,0,4,1,0,1,2,0,1,0,0,0,1,4,1,0,6,0,-3,0,0,0,0,0,1,2,2,2,0,0,0,1,0,1,1,0,0,-1,2,2,0,0,0,0,0,0,2,0,1,0,0,1,1,0,0,0,0,0,2,-2,0,0,0,0,0,0,0,0,0,1,0,0,0,0,2,0,0,1,0,0,1,0,5,0,0,0,1,1,0,-1,0,-1,0,3,0,0,0,0,0,0,0,2,0,0,1,2,3,1,1,2,1,3,0,0,1,4,0,0,1,0,1,2,1,0,0,0,0,1,4,0,1,1,0,0,1,0,0,1,0,1,0,1,0,0,2,0,1,-1,1,0,0,0,1,2,0,0,1,0,0,0,1,4,0,6,2,2,1,1,1,8,1,2,3,0,4,9,8,10,2,8,7,0,38,19,18,16,5,12,16,29,23,20,13,23,20,25,13,9,20,28,34,49,20,14,9,45,44,30,58,29,33,45,33,21,47,13,35,38,14,31,52,33,30,27,50,39,36,54,57,55,21,49,4,31,37,44,18,33,18,-1,63,48,38,41,43,35,20,45,62,34,64,22,46,22,44,80,73,15,29,38,30,27,48,28,25,28,19,20,26,49,19,48,34,32,15,32,55,28,41,30,39,20,35,26,30,38,34,31,10,16,27,24,43,16,25,29,25,6,37,9,17,15,31,43,12,11,15,19,22,13,29,15,11,5,22,3,8,12,11,6,26,32,13,4,40,23,14,12,20,7,9,4,15,7,11,8,4,5,7,10,15,5,9,6,11,7,14,15,15,30,14,8,15,22,27,35,22,14,18,9,17,24,25,57,25,30,25,22,29,51,49,31,25,41,27,41,37,39,17,27,14,16,33,28,27,13,12,11,10,32,23,21,16,10,11,17,27,23,23,16,14,17,12,28,23,25,10,11,13,8,17,16,9,3,10,-4,8,9,6,7,2,4,7
Bucks,0,0,0,0,0,0,0,0,0,0,0,0,0,0,0,0,0,0,0,0,0,0,0,0,0,0,0,0,0,0,0,0,0,0,0,0,0,0,0,0,0,0,0,0,0,0,0,0,0,2,0,1,0,0,2,3,1,3,12,4,6,9,26,17,24,34,8,64,33,39,31,54,77,67,63,54,79,103,115,91,85,63,59,44,126,91,56,143,108,89,91,90,254,148,72,0,44,90,101,131,163,112,104,70,149,3,105,137,102,114,62,88,50,82,77,66,48,77,57,89,64,38,75,28,27,22,14,36,46,38,32,18,16,21,21,39,46,18,17,26,36,25,31,23,9,11,13,14,32,12,25,12,20,13,39,30,27,28,14,11,15,33,24,28,15,39,29,36,19,36,27,34,19,22,32,52,39,56,36,33,34,80,46,29,72,50,26,28,53,25,51,55,57,36,25,36,29,33,29,26,24,13,21,44,43,26,38,37,22,17,23,31,23,27,18,27,16,18,25,39,39,33,28,19,32,43,62,42,45,36,9,35,20,50,31,28,37,55,10,56,34,50,38,36,17,36,44,34,56,29,30,30,44,36,55,0,53,29,20,50,36,76,35,37,46,26,31,62,42,34,38,38,34,38,55,84,94,66,45,59,59,83,83,108,68,72,94,91,125,156,142,147,179,157,245,308,290,229,302,235,233,168,390,389,329,332,279,242,254,396,412,437,264,323,203,360,629,729,474,491,527,440,337,586,562,567,429,395,351,370,313,540,351,319,303,402,385,397,345,293,202,211,448,409,436,354,333,244,94,508,414,504,475,380,335,260,409,278,299,321,316,232,201,188,270,263,293,276,241,181,237,249,285,680,268,268,156,173,176,171,193,257,278,170,179,216,236,207,214,166,127,112,189,249,123,119,92,109,146,162,141,190,170,132,130,144,136,212,158,193,137,108,144,151,155,180,166,123,97,183,196,141,200,358,174,101,168,331,210,343,244,256,160,381,279,278,273,364,229,269,243,251,267,307,320,197,183,417,278,269,326,306,206,135,285,284,212,231,240,191,102,173,194,160,232,171,101,92,131,128,92,143,118,75,53,82,131,111,89,51,58,45,27,46,51,85,51,30,39,10,44,23,29,21,18,13,8
Butler,0,0,0,0,0,0,0,0,0,0,0,0,0,0,0,0,0,0,0,0,0,0,0,0,0,0,0,0,0,0,0,0,0,0,0,0,0,0,0,0,0,0,0,0,0,0,0,0,0,0,0,0,0,0,0,0,0,0,0,1,0,4,1,6,7,7,15,6,2,11,4,5,6,9,3,4,16,6,0,10,5,5,10,0,7,4,3,3,1,0,1,2,0,4,0,2,0,4,1,3,2,0,0,0,4,1,5,2,2,1,0,3,-1,2,3,0,1,0,3,2,1,0,7,3,1,0,2,4,1,2,1,0,2,3,5,-1,5,3,0,2,1,5,1,1,0,0,3,3,0,0,0,5,3,2,4,3,4,7,4,7,5,4,8,11,10,6,10,14,20,6,7,7,11,8,15,0,12,9,9,5,2,27,5,6,16,9,12,6,15,9,7,4,3,2,3,10,9,13,8,11,5,10,6,18,12,3,2,6,5,6,3,5,3,4,2,-1,5,7,3,7,11,2,5,4,12,20,12,31,6,9,1,24,9,10,9,0,6,7,11,10,10,7,13,5,17,6,6,4,11,4,3,7,15,8,19,0,27,8,14,25,24,23,28,14,9,25,21,27,19,23,25,5,20,25,41,51,24,23,21,38,40,45,48,46,52,69,35,23,17,66,124,82,67,101,90,93,69,101,72,82,125,110,95,113,110,102,43,132,219,114,100,109,129,48,133,85,144,193,168,113,94,68,172,203,245,170,213,110,177,216,136,180,225,132,144,144,201,159,124,154,81,44,243,188,170,81,202,102,104,147,215,137,208,200,106,74,119,166,116,101,157,103,58,97,94,92,72,83,68,64,72,90,77,85,44,41,37,79,54,68,48,61,38,29,65,53,60,23,41,40,24,33,41,39,47,40,37,12,36,48,26,36,42,23,23,39,35,36,36,21,15,20,51,48,56,45,64,29,11,67,33,57,43,39,24,22,65,74,33,74,162,-71,41,75,79,41,68,80,31,31,55,70,77,82,52,50,22,47,81,50,54,103,12,22,48,49,34,52,51,27,14,50,48,37,62,39,39,20,40,29,29,33,43,18,12,46,27,18,30,22,7,16,28,18,25,24,14,12,11,15,27,13,16,13,12,7,16
Cambria,0,0,0,0,0,0,0,0,0,0,0,0,0,0,0,0,0,0,0,0,0,0,0,0,0,0,0,0,0,0,0,0,0,0,0,0,0,0,0,0,0,0,0,0,0,0,0,0,0,0,0,0,0,0,0,0,0,0,0,0,0,1,0,0,0,0,0,0,1,0,1,1,0,2,1,0,0,2,1,1,2,0,1,0,0,0,0,3,2,0,1,1,-1,0,1,0,0,1,3,3,3,1,1,1,0,1,2,3,2,2,0,0,1,0,4,4,1,0,0,0,1,0,1,1,0,0,0,0,0,0,0,1,1,0,0,0,0,0,0,1,0,1,1,-1,0,0,0,0,0,1,-1,0,0,1,0,2,3,6,4,1,2,3,2,5,4,2,2,6,6,3,10,9,4,1,0,6,10,10,1,3,5,9,1,9,14,10,4,2,11,3,4,11,9,8,7,8,30,10,6,7,1,5,8,2,2,12,5,13,10,9,5,5,4,5,7,2,9,4,5,2,7,3,1,6,6,7,6,6,4,4,4,5,4,2,3,4,3,2,1,0,9,3,7,0,2,4,7,0,7,7,5,6,6,26,22,0,13,3,12,34,4,23,17,8,2,20,8,18,30,46,9,3,24,5,18,50,28,14,7,38,22,28,42,38,22,24,47,78,36,46,79,41,57,71,76,78,116,83,123,81,98,171,133,214,118,208,156,199,96,214,146,265,137,121,169,89,139,275,320,195,209,192,153,126,305,179,141,114,156,138,115,115,119,172,107,66,65,88,59,86,79,54,65,76,120,87,75,53,18,79,79,128,118,118,60,35,87,64,61,101,104,51,33,40,79,49,69,61,29,55,31,49,28,63,34,28,19,58,24,30,42,51,19,53,41,53,59,28,45,6,29,11,33,31,39,58,19,10,37,18,14,39,27,-3,10,34,26,18,13,19,20,7,49,9,8,22,36,6,2,23,15,11,21,22,9,-1,28,19,27,16,183,-128,16,23,29,25,29,75,26,7,40,37,36,81,54,28,16,104,61,66,47,49,51,31,78,55,63,56,68,23,11,58,53,76,84,28,35,19,33,47,43,39,60,11,16,53,34,40,33,39,7,7,53,22,29,28,22,10,9,25,16,25,20,35,5,13,7
Cameron,0,0,0,0,0,0,0,0,0,0,0,0,0,0,0,0,0,0,0,0,0,0,0,0,0,0,0,0,0,0,0,0,0,0,0,0,0,0,0,0,0,0,0,0,0,0,0,0,0,0,0,0,0,0,0,0,0,0,0,0,0,0,0,0,0,0,1,0,0,0,0,0,0,0,0,0,0,0,0,0,0,0,0,0,0,0,0,0,0,0,0,0,0,0,0,0,0,0,0,0,0,0,0,0,1,0,0,0,0,0,0,0,0,0,0,0,0,0,0,0,0,0,0,0,0,0,0,0,0,0,0,0,0,0,0,0,0,0,0,0,0,0,0,0,0,0,0,0,0,0,0,0,0,0,0,0,0,1,0,0,0,0,0,0,1,0,0,0,0,0,0,0,0,0,0,1,0,0,0,0,0,0,0,0,0,0,0,0,0,0,0,0,1,0,0,0,0,0,0,0,1,0,0,0,1,0,0,0,0,0,0,0,0,0,0,0,0,0,0,0,0,0,0,0,0,0,0,0,0,0,0,0,0,0,0,0,0,0,0,0,0,0,0,0,0,0,0,0,0,0,0,0,0,0,0,0,0,0,0,0,0,0,0,0,0,0,0,0,0,0,0,0,0,0,0,0,0,0,0,1,0,0,0,1,0,1,3,0,0,0,0,0,0,1,1,0,0,0,0,0,0,1,0,0,1,1,0,1,3,1,1,1,0,0,1,2,1,2,0,0,0,5,5,5,11,1,3,1,7,28,6,1,4,1,0,11,4,4,2,3,0,1,4,2,6,10,2,0,2,3,9,8,2,3,0,1,7,6,5,4,2,0,1,4,5,0,3,1,3,1,3,5,0,2,3,1,0,1,0,1,1,0,1,0,0,0,2,1,0,0,1,1,1,0,1,1,1,0,0,1,3,0,0,0,1,0,0,0,0,3,0,0,0,0,0,2,0,0,0,1,0,0,0,0,0,0,4,0,2,0,1,3,0,1,0,0,1,0,0,0,2,0,1,1,0,0,0,1,0,1,0,1,0,0,0,0,0,0,0,1,0,0,0,0,1,2,0,0,1,2,0,0,0,0,0,1,1,0,3,1,1,0,0,0,0,1,0,0,0,0,0,2,0,0,0,0,0
Carbon,0,0,0,0,0,0,0,0,0,0,0,0,0,0,0,0,0,0,0,0,0,0,0,0,0,0,0,0,0,0,0,0,0,0,0,0,0,0,0,0,0,0,0,0,0,0,0,0,0,0,0,0,0,0,0,0,0,0,0,0,0,0,1,0,1,0,1,6,4,4,6,3,8,12,4,9,8,9,7,10,5,4,0,1,9,1,5,18,4,4,6,4,1,5,2,1,1,5,1,5,6,1,1,2,0,1,3,3,3,3,0,0,7,1,0,4,4,0,0,5,2,3,3,2,2,0,1,0,2,1,0,2,4,-2,11,-5,3,1,0,4,2,0,2,0,2,0,0,3,0,2,3,0,0,1,3,0,1,1,1,4,0,2,3,1,2,1,0,1,3,2,3,1,1,1,2,5,3,6,4,2,3,6,5,1,6,3,7,0,2,2,0,0,3,1,0,4,0,3,1,2,2,0,0,5,2,3,4,4,7,9,2,3,0,2,1,2,0,3,0,1,0,2,0,1,2,0,2,2,1,1,1,0,-1,5,0,0,2,1,0,1,3,1,3,2,3,3,3,4,1,0,3,1,2,2,2,0,4,1,4,3,7,4,8,6,5,4,2,5,7,5,2,7,1,2,8,3,6,5,2,7,6,10,7,7,5,8,14,6,17,33,13,2,14,33,17,38,34,17,30,14,13,30,30,29,20,32,16,44,30,40,62,47,22,15,30,55,37,92,68,39,46,42,32,46,52,31,46,37,18,46,49,21,48,41,61,55,41,64,69,44,27,25,54,67,61,54,78,27,22,54,70,113,125,86,47,30,67,73,67,53,69,46,34,43,54,33,47,36,29,13,46,51,40,34,40,26,16,37,16,15,25,37,16,15,43,17,17,26,23,5,1,17,25,22,21,12,3,4,18,10,8,22,16,7,4,9,8,22,4,14,1,6,11,11,18,9,16,9,2,17,12,31,26,20,14,7,43,28,22,35,34,11,10,48,18,25,19,36,19,8,32,18,29,33,32,8,10,47,32,30,34,22,3,4,37,7,38,16,22,16,6,15,16,15,44,16,9,4,19,13,8,26,8,5,3,24,13,7,8,12,4,8,4,6,7,31,14,1,1,12,3,5,5,6,1,3,2
Centre,0,0,0,0,0,0,0,0,0,0,0,0,0,0,0,0,0,0,0,0,0,0,0,0,0,0,0,0,0,0,0,0,0,0,0,0,0,0,0,0,0,0,0,0,0,0,0,0,0,0,0,0,0,0,0,0,0,0,1,0,0,2,4,1,1,2,4,7,2,2,1,1,4,7,4,1,11,2,2,2,8,1,0,0,2,1,0,0,0,0,4,0,-1,1,4,0,6,6,2,1,0,0,6,3,1,7,3,1,0,2,0,3,4,2,1,0,2,2,-1,1,3,2,5,3,1,1,1,1,1,1,1,1,0,0,0,0,1,1,1,0,1,0,7,2,2,2,6,-5,0,4,4,0,4,11,1,1,1,2,1,0,0,4,6,7,6,3,1,2,2,3,4,2,2,8,2,9,0,8,7,2,9,6,5,5,2,7,43,1,8,5,-17,4,-3,3,1,1,2,3,4,2,2,0,1,4,3,6,5,1,1,6,7,1,3,5,2,6,4,2,4,9,20,7,17,5,47,40,37,37,9,13,12,184,55,137,73,40,62,212,59,92,30,97,72,37,195,47,124,29,162,88,70,116,43,45,99,0,170,20,127,26,94,31,81,22,90,30,19,50,36,37,12,20,25,34,71,59,81,47,34,27,41,46,42,46,20,25,39,10,55,79,105,15,59,34,55,89,131,56,78,56,62,89,82,91,80,136,47,110,93,77,97,154,61,30,11,75,65,119,96,113,23,87,100,78,302,80,152,49,77,105,103,56,141,70,44,36,81,93,62,67,73,26,63,76,67,54,85,55,34,66,77,96,94,114,91,42,55,133,31,37,71,70,53,67,55,51,43,74,47,83,69,124,77,60,125,182,43,95,82,59,51,113,134,22,66,43,74,40,81,87,25,14,73,75,50,36,74,13,68,43,33,39,54,59,6,22,34,50,43,42,21,17,4,44,36,46,48,53,17,64,78,102,84,85,61,14,66,89,72,89,181,-13,46,53,105,24,62,134,31,25,52,78,56,77,79,71,31,64,50,97,63,57,60,36,35,65,115,33,80,58,9,43,48,45,50,39,37,10,21,40,27,25,45,9,8,28,13,28,11,13,8,2,37,4,6,11,14,11,6,46,8,8,7,6,2,3,-1
Chester,0,0,0,0,0,0,0,0,0,0,0,0,0,0,0,0,0,0,0,0,0,0,0,0,0,0,0,0,0,0,0,0,0,0,0,0,0,0,0,0,0,0,0,0,0,0,0,0,0,0,0,1,1,0,0,4,3,1,7,2,4,17,0,14,30,23,9,21,9,13,51,17,28,20,37,35,38,58,58,49,28,29,30,36,41,34,53,32,47,30,37,59,81,75,54,30,49,40,69,56,38,35,57,41,38,44,55,46,86,29,46,24,51,52,38,16,43,34,18,46,53,45,32,36,27,39,52,49,57,61,56,33,39,42,58,60,37,51,28,31,28,61,20,26,19,28,25,32,41,22,30,31,19,21,24,28,34,16,23,35,24,21,27,20,31,10,29,31,29,39,38,22,6,38,52,25,67,42,50,30,48,37,52,63,59,38,41,61,26,36,49,42,17,23,52,22,35,27,33,15,15,37,39,31,32,25,30,20,30,14,16,11,26,19,15,26,16,21,32,27,23,23,48,23,33,41,62,70,49,46,42,51,43,29,39,51,72,48,56,54,46,43,32,29,31,48,32,49,21,20,59,33,47,41,26,42,23,22,53,41,47,45,35,40,49,37,48,35,42,23,27,46,30,47,55,42,38,64,60,48,76,37,59,59,52,66,82,78,88,116,60,98,120,120,124,150,157,165,132,125,162,216,172,190,162,163,123,162,259,204,193,128,94,150,273,337,386,266,269,241,278,238,317,246,361,212,268,307,283,227,384,269,196,196,287,296,249,217,234,128,210,228,340,265,184,288,152,107,343,291,458,282,331,272,167,286,288,197,251,246,178,149,182,209,202,187,183,146,136,129,215,151,329,171,147,155,140,74,134,142,140,189,98,123,102,152,102,132,97,114,93,134,126,90,65,83,81,98,107,100,132,115,69,62,92,90,100,100,107,44,68,79,89,71,123,84,97,61,103,120,143,112,153,122,72,126,175,119,196,202,148,123,249,177,133,228,208,191,154,142,146,187,164,180,161,126,272,240,185,166,224,173,96,190,168,161,141,128,129,100,141,111,135,159,118,80,37,137,101,63,110,66,54,38,47,60,64,62,46,41,23,50,34,31,67,30,21,13,45,31,29,18,31,23,8,12,16
Clarion,0,0,0,0,0,0,0,0,0,0,0,0,0,0,0,0,0,0,0,0,0,0,0,0,0,0,0,0,0,0,0,0,0,0,0,0,0,0,0,0,0,0,0,0,0,0,0,0,0,0,0,0,0,0,0,0,0,0,0,0,0,0,0,0,0,0,1,0,0,2,1,0,0,0,1,1,3,-1,0,2,5,0,1,0,0,1,1,0,0,0,0,1,1,2,0,0,0,1,0,0,0,0,0,0,0,0,0,0,0,0,0,0,1,0,0,0,0,0,0,1,0,0,3,1,0,0,0,-4,1,1,0,0,0,0,0,0,0,0,0,2,1,0,0,1,0,0,0,0,0,0,0,0,0,2,0,0,0,0,2,-1,0,1,1,4,2,6,0,0,1,0,11,0,2,1,3,0,1,0,1,-1,1,1,1,1,0,1,0,0,0,0,1,2,1,0,0,1,0,0,1,0,2,0,1,2,1,0,4,1,1,4,-1,2,0,0,0,0,1,0,3,-1,0,1,-1,0,0,0,2,0,1,1,0,5,0,0,3,1,1,0,0,1,0,2,-1,0,2,0,1,3,1,1,0,5,0,2,1,0,7,2,3,3,5,4,4,4,2,1,1,5,3,3,1,3,5,2,9,3,3,7,6,4,2,4,7,11,1,17,2,13,10,11,16,20,17,28,7,27,22,19,50,32,20,14,29,52,33,24,41,31,34,47,38,40,22,25,39,45,28,46,54,118,21,29,45,38,46,54,50,12,31,19,28,33,19,28,29,21,31,35,24,26,9,8,21,31,17,15,44,15,3,20,37,16,14,30,27,7,4,36,11,13,13,11,9,7,18,15,13,9,3,2,8,12,10,10,24,10,4,20,9,11,18,7,6,1,6,4,4,5,5,5,1,2,11,1,14,31,-2,3,6,11,6,6,8,4,1,5,0,5,1,2,0,0,5,6,6,7,12,2,0,3,8,4,4,4,5,0,4,5,12,12,3,5,7,3,4,10,6,5,3,0,4,2,15,6,14,12,1,9,4,8,8,21,5,0,12,19,6,8,7,5,3,6,10,2,7,14,7,3,8,12,12,8,7,1,0,3,6,7,5,6,1,0,4,0,6,6,8,0,1,1,3,1,4,0,0,1,1
Clearfield,0,0,0,0,0,0,0,0,0,0,0,0,0,0,0,0,0,0,0,0,0,0,0,0,0,0,0,0,0,0,0,0,0,0,0,0,0,0,0,0,0,0,0,0,0,0,0,0,0,0,0,0,0,0,0,0,0,0,0,0,0,0,1,1,0,0,0,0,2,0,0,0,1,2,0,0,0,0,0,1,1,0,0,0,0,0,0,0,2,0,0,0,0,0,0,0,0,0,3,2,0,0,5,0,0,0,1,2,0,1,0,5,1,2,0,0,0,0,0,0,0,0,1,0,0,3,0,0,1,1,0,1,2,0,0,1,1,0,0,4,0,1,1,2,3,0,2,0,4,2,3,0,1,3,0,1,1,0,0,0,0,0,3,-1,0,0,1,4,3,0,3,0,5,3,2,1,0,2,1,0,0,5,1,2,3,4,2,0,4,0,2,9,3,2,5,1,2,6,6,10,6,2,0,3,5,4,1,7,0,1,6,0,4,2,2,1,2,1,2,9,2,1,0,1,7,2,2,4,13,0,9,0,0,5,1,10,5,2,4,1,2,2,11,3,0,2,1,3,2,4,1,5,1,4,5,0,3,3,2,2,1,3,10,1,4,3,5,4,5,4,2,2,7,7,16,4,7,12,5,11,7,11,8,9,5,11,12,14,15,14,18,12,16,18,38,41,48,52,30,33,35,66,40,61,70,60,40,55,67,75,33,112,51,54,82,92,66,114,74,52,49,119,79,70,128,110,83,50,92,86,53,81,59,46,63,60,58,83,75,118,63,21,55,82,67,115,107,49,15,75,87,88,89,87,56,31,61,57,36,40,52,36,32,32,46,58,35,28,15,21,24,43,47,37,48,33,24,48,37,23,13,42,23,5,37,30,44,29,24,21,5,30,32,22,14,16,14,13,20,26,19,16,28,7,19,24,26,28,22,28,22,16,45,28,32,26,31,11,16,42,39,26,36,29,22,16,45,26,29,43,37,23,53,39,56,30,46,43,30,17,29,50,29,52,34,22,25,38,28,41,47,43,29,21,41,37,24,33,31,18,15,40,24,21,34,22,15,16,29,26,16,31,24,9,8,21,16,19,15,16,4,10,11,7,9,16,13,5,1,2,14,13,7,11,5,3,1
Clinton,0,0,0,0,0,0,0,0,0,0,0,0,0,0,0,0,0,0,0,0,0,0,0,0,0,0,0,0,0,0,0,0,0,0,0,0,0,0,0,0,0,0,0,0,0,0,0,0,0,0,0,0,0,0,0,0,0,0,0,0,0,0,0,0,0,0,0,0,0,0,0,0,1,0,0,2,0,0,1,2,1,1,0,0,0,0,2,1,0,0,0,2,1,3,1,3,4,4,1,1,1,2,-2,1,0,1,1,2,4,0,0,0,0,2,0,0,1,0,1,0,3,0,1,1,1,3,0,1,0,1,0,1,3,0,0,0,0,0,1,0,1,-1,0,2,0,1,0,0,1,2,3,0,1,2,0,1,1,0,0,2,1,2,0,0,0,0,1,0,5,5,4,0,2,-1,0,4,0,1,2,0,1,0,1,0,2,0,3,0,0,2,1,0,2,0,0,0,3,0,1,0,1,2,1,1,1,3,0,0,0,0,0,1,0,0,1,0,0,0,1,1,1,2,1,1,6,4,3,6,1,3,0,2,3,1,3,1,0,6,0,9,0,1,4,8,1,1,4,0,1,2,0,1,-1,1,1,0,5,3,0,1,1,4,3,1,0,1,3,2,2,2,3,1,1,3,2,2,4,2,4,2,6,6,2,2,5,2,5,8,2,13,12,6,1,11,7,14,14,14,8,3,19,31,16,22,18,20,15,10,36,20,38,76,23,8,21,17,30,28,40,54,13,37,41,54,114,19,45,39,59,38,44,10,58,26,110,23,42,25,34,27,33,15,28,19,45,28,42,25,17,12,19,23,30,45,23,19,23,30,16,13,19,21,21,8,16,3,12,10,9,11,8,8,12,9,13,9,10,10,6,1,29,22,7,3,9,5,13,10,7,10,7,1,14,11,10,10,10,9,6,18,12,19,12,21,5,9,12,7,22,2,5,3,8,9,11,11,12,8,3,5,6,18,7,18,6,7,4,18,3,14,21,9,3,9,24,14,30,17,7,9,8,10,11,13,18,22,7,24,7,30,20,16,10,8,17,16,29,17,15,9,1,14,12,17,12,7,10,7,12,4,6,4,7,2,1,9,3,10,7,6,3,3,9,5,3,4,6,0,0,2,4,2,2,4,1,0,2
Columbia,0,0,0,0,0,0,0,0,0,0,0,0,0,0,0,0,0,0,0,0,0,0,0,0,0,0,0,0,0,0,0,0,0,0,0,0,0,0,0,0,0,0,0,0,0,0,0,0,0,0,0,0,0,0,0,0,0,0,0,0,1,0,0,0,2,0,1,2,0,1,1,3,4,5,2,4,16,12,11,16,18,7,7,12,6,15,20,18,18,6,17,14,6,7,5,12,8,2,4,0,6,1,1,5,2,4,4,1,16,1,4,2,0,3,1,2,0,1,0,3,2,0,0,2,-1,0,3,0,0,0,2,0,1,0,3,0,9,3,0,3,1,1,2,5,2,2,5,2,2,1,1,1,5,0,1,1,0,0,0,1,0,3,2,2,1,3,0,1,1,3,1,2,0,1,1,3,3,1,0,2,3,3,2,5,2,1,5,1,1,0,3,1,2,2,1,2,4,2,0,1,0,6,1,3,2,0,2,6,1,4,0,3,6,9,7,6,5,14,16,18,18,61,6,10,17,36,26,22,8,7,7,15,11,7,5,5,1,1,4,1,5,6,1,3,3,7,3,7,2,4,4,14,12,7,7,0,21,9,-1,4,10,13,7,4,4,3,5,1,2,6,1,1,4,2,8,4,3,4,2,3,2,6,6,7,5,8,2,6,12,14,8,2,13,8,13,17,11,21,1,5,37,18,9,25,29,19,10,5,22,20,27,23,19,5,8,12,38,38,26,23,27,23,41,47,158,17,34,34,40,24,73,2,34,32,44,31,59,66,34,62,61,21,29,69,51,72,42,49,38,26,43,131,101,75,46,32,73,68,51,57,47,30,34,28,32,14,38,19,15,23,44,44,55,36,33,21,12,19,17,20,29,29,41,31,22,16,11,22,22,16,4,12,5,16,13,8,9,7,7,11,6,18,12,10,3,12,28,8,12,10,10,6,14,5,5,21,13,5,6,9,9,11,10,20,3,6,9,17,3,18,10,5,16,14,16,12,14,22,13,6,7,15,17,16,19,11,0,32,29,23,23,19,18,9,10,28,16,18,17,8,18,20,19,34,26,38,15,6,16,42,12,24,24,10,9,10,15,29,9,10,15,5,10,5,12,12,14,8,4,8,6,7,7,2,2,2,1
Crawford,0,0,0,0,0,0,0,0,0,0,0,0,0,0,0,0,0,0,0,0,0,0,0,0,0,0,0,0,0,0,0,0,0,0,0,0,0,0,0,0,0,0,0,0,0,0,0,0,0,0,0,0,0,0,0,0,0,0,0,0,0,0,0,0,1,0,1,1,1,0,1,0,0,0,2,2,-1,0,5,0,2,0,1,0,0,0,0,0,0,0,1,0,2,0,0,0,0,0,0,0,0,0,0,0,0,1,0,0,0,0,1,0,0,0,0,0,0,0,0,0,0,0,0,1,0,0,1,0,7,-1,0,0,0,0,1,0,0,0,0,1,0,1,3,0,1,0,-1,0,0,3,2,0,2,1,5,2,1,2,0,0,0,4,2,3,0,4,4,2,2,2,1,0,0,1,2,21,3,1,2,0,2,3,2,0,3,1,0,0,0,2,2,2,2,1,5,1,3,2,1,2,3,10,4,4,-1,4,1,2,1,3,5,1,3,3,2,4,2,1,8,2,6,5,0,3,1,2,2,0,13,1,1,0,4,4,0,6,3,3,6,20,4,1,3,-1,3,5,-1,6,1,1,3,3,5,1,4,0,3,6,1,1,2,2,6,3,10,1,3,7,8,5,7,6,7,18,14,7,11,12,17,12,33,9,29,10,14,13,26,26,18,19,16,27,11,24,48,70,70,45,41,58,81,63,69,52,58,50,38,56,71,74,41,57,64,49,87,119,95,63,86,74,79,107,101,72,598,165,111,91,122,96,54,86,100,55,64,70,64,73,47,66,25,12,58,49,50,88,35,39,11,40,46,26,64,79,59,24,27,28,48,36,30,26,31,24,28,16,27,26,20,23,27,37,22,40,19,35,13,17,26,16,24,20,13,6,21,11,24,18,19,10,11,19,10,15,24,4,12,9,8,17,14,13,11,15,14,17,21,9,12,10,18,8,11,1,18,14,13,6,5,13,3,14,13,10,6,1,15,8,7,16,64,-59,13,12,2,8,9,8,3,5,12,12,6,12,9,14,14,11,16,16,25,12,9,3,21,20,9,17,15,11,17,22,19,9,9,7,16,11,9,6,21,14,13,7,23,18,11,17,16,21,10,12,16,13,17,5,14,5,6,9,27,10,27,6,4,3,15
Cumberland,0,0,0,0,0,0,0,0,0,0,0,0,0,0,0,0,0,0,0,0,0,0,0,0,0,0,0,0,0,0,0,0,0,0,0,0,0,0,0,0,0,0,0,0,0,0,0,0,0,0,0,3,0,0,2,5,0,1,0,0,0,1,1,0,2,1,6,0,2,12,2,3,4,9,4,10,9,7,4,8,9,5,12,2,7,6,17,22,6,4,8,13,22,11,10,17,15,14,28,19,6,16,8,2,7,4,17,11,11,9,17,10,2,14,15,23,7,3,15,5,20,7,12,8,6,4,9,7,3,5,3,6,9,10,3,2,6,4,3,11,5,4,17,16,3,10,8,5,7,10,6,12,6,9,8,16,5,3,7,7,5,4,10,5,10,9,4,8,10,10,8,5,12,4,10,21,3,10,13,8,8,22,12,8,24,16,13,23,23,15,9,14,16,6,5,9,20,11,6,6,4,14,11,16,12,14,9,7,4,7,14,16,14,13,8,13,11,3,15,9,20,7,10,13,7,10,15,18,6,6,11,15,4,11,12,12,12,11,5,15,23,13,8,4,11,8,18,13,29,16,18,13,18,10,27,0,25,8,13,13,17,28,21,11,23,15,39,16,21,21,19,19,95,12,24,6,-34,19,20,42,29,33,26,28,12,25,36,37,29,52,62,60,68,78,106,67,113,85,95,55,113,174,112,84,116,201,50,112,89,137,109,147,111,83,68,181,304,248,255,124,98,183,151,262,136,201,361,138,111,195,166,201,198,171,190,63,225,170,89,236,76,74,68,190,151,83,113,103,17,146,169,215,209,187,185,115,83,106,166,67,128,88,85,80,97,71,73,70,86,71,59,107,447,369,109,114,67,105,59,37,58,93,87,32,80,70,73,57,83,57,40,49,85,90,37,64,34,38,68,52,36,61,393,41,18,59,55,50,32,63,18,27,58,32,51,85,36,39,14,44,52,46,54,75,37,10,47,53,63,57,223,-139,37,94,47,41,50,82,49,39,30,53,46,60,85,40,16,110,75,60,70,57,61,32,74,59,64,69,57,49,24,54,60,35,67,46,43,36,50,61,26,57,47,15,13,21,27,30,31,16,21,3,33,25,25,24,20,8,14,16,14,10,14,6,11,15,14
Dauphin,0,0,0,0,0,0,0,0,0,0,0,0,0,0,0,0,0,0,0,0,0,0,0,0,0,0,0,0,0,0,0,0,0,0,0,0,0,0,0,0,0,0,0,0,0,0,0,0,0,0,0,0,0,0,0,0,0,0,0,1,0,0,3,6,3,5,5,12,1,9,14,8,12,20,19,14,23,13,12,19,14,16,11,9,22,16,24,32,25,18,14,22,23,23,24,27,10,24,5,26,17,16,17,18,43,16,24,29,33,26,7,21,20,24,17,26,25,15,11,23,22,15,12,38,24,14,37,38,19,27,19,26,56,26,19,30,17,30,18,26,16,20,26,19,28,21,19,19,15,17,20,17,48,41,13,29,24,15,10,29,74,14,61,41,13,20,4,22,16,11,21,11,11,6,13,16,17,24,34,4,16,26,20,14,19,27,11,22,26,19,24,12,9,8,25,20,21,18,16,17,27,28,21,23,41,26,23,19,13,19,20,29,10,31,18,22,35,18,17,32,28,28,27,26,17,21,17,19,23,14,13,19,10,35,16,9,12,17,23,24,18,22,11,9,10,21,19,13,16,5,18,24,28,21,18,0,49,20,16,31,35,45,50,38,30,23,23,33,50,25,21,30,32,38,36,34,50,43,39,57,73,34,46,62,38,38,83,94,55,99,48,56,63,90,95,110,95,76,66,80,110,109,149,123,119,171,77,89,83,157,148,130,125,96,57,230,345,154,276,189,157,230,163,262,238,290,289,214,184,202,211,257,192,162,136,148,254,171,152,178,158,116,122,163,127,158,135,143,40,205,153,186,178,290,182,149,131,156,114,107,134,131,93,142,125,92,111,123,105,86,129,96,430,326,119,90,96,100,53,100,78,86,137,62,103,88,78,87,73,73,70,61,61,81,46,69,32,36,73,58,39,88,78,35,26,60,53,55,80,84,58,44,62,47,42,93,37,47,27,52,56,35,49,102,33,25,66,70,56,88,233,-127,46,115,80,47,96,105,89,54,51,76,59,78,88,55,50,171,91,82,109,101,51,44,114,79,77,66,99,53,57,81,79,75,117,75,48,31,88,61,56,78,53,29,22,76,60,54,55,37,16,15,69,30,28,30,29,21,22,11,13,20,17,13,21,14,12
Delaware,0,0,0,0,0,0,0,0,0,0,0,0,0,0,0,0,0,0,0,0,0,0,0,0,0,0,0,0,0,0,0,0,0,0,0,0,0,0,0,0,0,0,0,0,1,0,0,0,0,0,0,5,0,0,1,2,5,0,9,10,10,11,30,17,55,29,41,50,27,35,52,80,72,74,92,114,76,136,188,155,133,84,156,101,84,120,171,91,143,85,109,103,145,153,106,120,80,102,156,77,152,151,114,85,71,104,124,183,156,140,70,38,73,95,157,146,64,70,65,90,125,91,54,65,31,33,46,48,42,41,41,20,15,52,39,21,51,29,10,35,21,51,32,31,20,33,15,31,14,22,20,15,13,14,14,16,22,16,21,16,31,29,23,35,15,31,15,35,43,20,48,18,35,21,37,45,45,66,53,48,40,59,41,46,91,110,35,86,118,62,59,59,101,34,55,97,76,44,45,49,56,48,73,89,60,55,84,56,40,62,29,84,40,65,34,33,31,35,43,49,45,36,40,72,50,37,30,35,44,34,33,41,34,44,46,31,34,45,39,38,31,29,21,33,35,40,42,36,33,57,21,60,54,42,43,0,95,30,26,85,55,51,99,49,48,75,51,64,61,100,62,32,112,40,109,107,118,54,125,128,130,91,136,134,113,80,138,140,118,171,217,155,212,170,190,240,224,284,255,141,227,331,331,274,273,232,200,225,190,382,248,228,180,109,198,398,449,349,393,305,212,291,249,398,402,316,294,207,290,301,232,307,304,238,340,266,263,347,221,255,191,224,332,633,374,199,238,155,106,343,277,612,333,329,303,196,296,275,289,237,255,210,138,181,238,214,182,291,213,193,204,195,189,391,163,149,104,174,110,141,115,154,187,137,155,135,150,140,181,90,81,86,163,136,127,78,69,80,109,142,129,188,149,108,76,99,92,91,112,174,164,76,82,92,103,114,93,104,73,96,106,68,125,184,110,57,109,173,117,212,181,168,155,255,173,178,242,232,213,152,145,187,217,191,230,155,116,378,226,232,251,270,233,118,207,232,147,201,169,128,75,112,123,132,192,107,98,63,71,94,98,108,74,52,53,55,90,53,66,57,36,27,51,31,30,80,49,41,19,17,25,33,32,28,18,15,18
Elk,0,0,0,0,0,0,0,0,0,0,0,0,0,0,0,0,0,0,0,0,0,0,0,0,0,0,0,0,0,0,0,0,0,0,0,0,0,0,0,0,0,0,0,0,0,0,0,0,0,0,0,0,0,0,0,0,0,0,0,0,0,0,0,0,0,0,0,0,0,0,0,0,0,0,0,0,2,0,0,0,0,0,0,0,0,0,0,0,0,0,0,0,0,0,0,1,0,0,0,0,0,1,0,0,0,0,1,0,0,0,0,0,1,0,0,0,0,0,0,0,0,0,0,0,0,0,0,0,0,0,0,0,0,0,0,0,0,0,0,0,0,0,0,0,0,0,0,0,0,2,0,0,1,0,1,0,2,0,1,0,2,0,0,1,3,1,0,4,4,1,0,0,0,1,1,0,1,1,2,2,0,1,0,0,0,1,0,0,1,2,0,1,0,1,1,1,0,2,0,0,0,1,1,4,0,0,2,0,2,0,2,3,0,1,0,0,0,0,0,0,0,0,0,0,1,-1,0,0,1,0,0,0,0,0,1,0,0,0,0,1,0,0,0,0,1,1,2,1,-1,1,1,0,0,0,3,0,1,1,0,0,3,0,1,3,0,2,4,2,6,3,3,6,5,11,7,9,8,3,1,5,4,3,10,0,21,5,18,7,7,15,12,8,3,18,13,9,8,14,8,25,9,6,10,14,12,10,13,12,27,17,11,26,5,5,12,25,11,20,38,30,5,34,26,21,34,35,19,6,37,40,29,54,45,9,16,40,76,57,11,9,15,14,40,22,62,28,31,19,5,42,28,15,23,34,8,5,37,33,40,99,40,14,9,36,13,14,21,14,13,6,3,21,15,18,7,4,13,14,6,14,6,5,9,4,17,13,3,7,10,5,2,7,6,8,3,5,7,4,4,4,7,8,2,4,3,6,4,6,1,2,-1,1,7,2,2,2,2,1,3,6,5,14,7,5,20,9,10,18,19,15,10,3,3,24,10,15,13,10,16,2,8,16,23,20,6,6,4,12,6,11,14,8,2,3,6,8,4,10,4,5,5,8,1,6,4,5,1,2,4,2,3,2,2,1,1,5,2,2,1,10,0,0,4,0,1,2,0,1,1,0,0,2,0,1,0,0,2
Erie,0,0,0,0,0,0,0,0,0,0,0,0,0,0,0,0,0,0,0,0,0,0,0,0,0,0,0,0,0,0,0,0,0,0,0,0,0,0,0,0,0,0,0,0,0,0,0,0,0,0,0,0,0,0,0,0,1,0,0,0,1,1,2,0,0,2,0,0,6,1,1,2,0,2,0,8,2,0,3,4,3,0,0,2,1,4,2,10,0,2,0,2,6,4,7,-2,5,4,1,0,0,3,1,0,2,2,6,12,7,4,-1,1,1,2,2,5,3,8,2,16,14,13,20,-1,8,6,12,7,11,21,5,16,12,7,13,5,31,4,11,18,12,19,12,12,8,9,4,6,19,18,9,8,3,7,9,8,13,10,7,6,12,13,6,16,4,4,11,18,12,8,5,3,5,6,22,7,9,7,6,12,6,18,8,5,20,9,9,9,6,20,14,18,31,13,16,42,12,9,12,36,8,8,16,17,20,19,18,11,6,12,16,19,7,12,13,1,8,8,8,14,10,3,1,9,11,1,6,11,3,3,2,13,-1,4,10,1,1,12,4,7,13,7,9,8,8,13,10,12,11,7,8,11,4,12,24,0,40,13,17,21,13,23,29,19,7,24,17,9,9,13,9,13,20,13,14,36,19,13,19,41,33,41,53,42,38,41,50,33,49,59,49,54,79,72,99,124,108,149,135,101,167,134,135,197,172,114,106,106,115,242,150,146,113,106,154,178,255,222,235,225,135,299,272,226,234,287,217,146,253,222,221,219,220,213,167,265,178,237,189,154,116,46,147,102,163,166,170,106,55,148,123,168,165,207,149,210,132,147,108,114,178,102,149,106,59,99,62,97,113,97,92,121,66,131,134,96,83,68,99,105,57,66,68,47,71,23,108,56,82,76,54,54,62,58,60,50,61,30,53,50,37,68,98,29,44,76,34,58,52,27,19,29,51,179,116,35,50,34,8,30,38,52,24,45,17,17,33,27,38,35,45,23,35,64,43,32,45,61,24,24,56,31,52,55,47,43,36,81,39,37,73,77,42,12,79,53,43,67,46,33,39,41,34,34,53,56,62,21,45,38,55,48,58,17,19,44,23,42,30,56,24,23,32,24,20,21,26,18,19,14,18,21,28,22,18,10,16
Fayette,0,0,0,0,0,0,0,0,0,0,0,0,0,0,0,0,0,0,0,0,0,0,0,0,0,0,0,0,0,0,0,0,0,0,0,0,0,0,0,0,0,0,0,0,0,0,0,0,0,0,0,0,0,0,0,0,0,0,0,0,1,0,1,2,4,1,1,0,1,3,0,1,5,3,4,2,3,3,10,4,1,4,3,1,0,2,6,0,0,1,2,1,1,4,4,0,0,0,1,0,1,1,1,0,1,0,0,0,1,0,0,0,0,2,0,1,1,2,1,1,0,0,1,0,0,1,0,0,0,0,0,0,0,0,0,0,0,0,0,0,0,1,-1,0,0,0,0,3,2,3,0,1,0,0,0,0,2,4,1,1,4,1,10,5,3,5,7,2,11,3,15,16,2,6,11,7,3,12,20,7,10,7,9,6,7,6,4,3,22,16,11,24,16,5,6,9,8,34,7,13,9,7,61,20,13,14,4,11,4,3,8,5,9,3,2,3,2,2,9,7,2,6,3,2,5,4,2,3,3,4,-1,8,6,5,7,3,4,3,5,4,4,3,4,3,2,3,5,5,6,5,4,6,3,3,7,0,6,3,14,4,1,5,4,7,3,14,3,13,12,6,10,3,6,9,12,17,14,5,9,4,13,16,16,10,13,9,14,27,20,10,14,19,7,20,33,16,29,29,31,42,34,74,45,49,47,33,41,79,72,82,64,87,80,50,68,77,88,103,229,167,76,172,64,267,342,278,169,106,288,239,269,127,210,114,206,110,243,214,55,118,41,17,312,78,169,74,169,49,82,70,302,103,160,138,78,42,76,114,90,56,112,57,39,52,67,48,46,71,27,73,34,49,38,39,50,25,24,35,75,27,33,30,39,19,34,29,23,32,27,24,14,14,46,24,27,30,23,5,28,30,14,19,40,14,22,30,20,33,22,14,10,6,27,17,23,25,29,16,10,38,30,29,27,31,29,13,26,34,14,42,91,-56,44,22,42,23,40,73,24,20,65,42,32,67,38,66,27,57,46,39,48,66,23,6,57,49,35,26,43,35,6,46,24,24,75,32,48,34,24,20,26,31,51,9,9,42,34,22,23,50,10,14,51,22,27,43,17,19,9,23,16,8,25,6,11,4,19
Forest,0,0,0,0,0,0,0,0,0,0,0,0,0,0,0,0,0,0,0,0,0,0,0,0,0,0,0,0,0,0,0,0,0,0,0,0,0,0,0,0,0,0,0,0,0,0,0,0,0,0,0,0,0,0,0,0,0,0,0,0,0,0,0,0,0,0,0,0,0,0,0,1,0,1,1,1,1,0,0,0,0,0,0,0,0,2,0,0,0,0,0,0,0,0,0,0,0,0,0,0,0,0,0,0,0,0,0,0,0,0,0,0,0,0,0,0,0,0,0,0,0,0,0,0,0,0,0,0,0,0,0,0,0,0,0,0,0,0,0,0,0,0,0,0,0,0,0,0,0,0,0,0,0,0,0,0,0,0,0,0,0,0,0,0,0,0,0,0,0,0,0,0,0,0,0,0,0,0,0,0,0,0,0,0,0,0,0,0,2,0,0,0,0,0,0,0,0,0,0,1,0,0,0,0,1,1,0,0,0,1,0,0,0,0,0,0,0,1,0,0,0,0,0,0,0,0,0,0,0,0,0,0,0,0,0,0,0,0,0,0,0,0,0,1,0,0,0,0,0,0,0,0,0,0,0,0,0,0,0,0,0,0,0,0,2,0,0,0,0,1,0,0,0,0,0,0,0,1,0,0,0,0,0,0,0,0,0,0,1,0,0,0,1,1,2,0,0,2,0,1,2,0,2,20,4,1,0,0,0,5,6,20,8,2,4,1,5,-1,8,9,8,8,2,2,7,4,6,9,6,6,4,2,19,8,8,6,3,11,11,28,11,1,2,4,8,6,17,5,5,8,3,3,17,41,3,7,8,141,3,6,5,2,143,0,1,514,1,0,1,1,0,0,3,70,10,0,1,4,5,0,0,8,3,0,1,4,1,1,2,5,1,0,5,-1,1,1,4,0,0,0,0,1,2,0,0,0,0,1,2,0,0,0,4,-1,0,0,0,0,0,0,0,-1,1,0,1,2,1,1,1,0,0,1,0,1,2,0,0,0,0,0,0,0,1,0,0,0,0,-1,-1,4,0,1,0,0,1,0,0,0,1,0,0,1,0,1,2,3,2,0,2,3,1,1,1,3,0,0,0,1,0,1,0,0,2,2,0,0,0,0,0,1,1,0,0,0,0,1,0
Franklin,0,0,0,0,0,0,0,0,0,0,0,0,0,0,0,0,0,0,0,0,0,0,0,0,0,0,0,0,0,0,0,0,0,0,0,0,0,0,0,0,0,0,0,0,0,0,0,0,0,0,0,0,0,0,0,0,0,0,1,0,0,0,2,2,0,0,2,4,1,7,2,2,3,1,3,2,7,4,9,5,2,5,2,3,9,2,9,17,5,4,28,9,-1,13,17,24,22,10,27,20,29,12,26,26,19,10,19,27,26,15,20,9,23,18,17,21,20,10,13,18,15,20,14,23,6,6,10,3,3,5,7,3,4,1,3,3,4,3,3,2,7,20,10,6,-1,1,6,3,3,17,4,3,3,9,5,4,2,10,1,2,10,15,10,4,1,1,2,12,14,5,4,4,6,3,10,3,14,10,9,9,13,22,13,37,30,10,5,10,22,8,28,9,8,5,3,10,11,18,5,15,7,18,7,10,8,14,8,1,1,10,5,7,9,9,12,3,11,5,5,6,5,4,6,11,15,10,9,13,0,4,7,33,4,13,9,8,8,19,2,12,10,9,4,5,19,9,2,8,6,11,3,13,5,3,9,0,28,0,12,8,14,6,14,3,8,31,5,21,18,7,4,17,17,11,16,34,18,13,3,53,22,29,50,37,23,17,73,48,33,46,53,41,41,77,34,100,104,64,26,70,102,167,83,74,85,162,26,82,160,113,52,58,88,68,186,139,242,189,191,73,72,185,146,143,187,190,263,85,194,102,89,141,178,76,102,127,117,108,73,127,55,38,97,179,129,67,88,70,39,226,215,111,208,132,97,83,145,83,104,75,93,72,45,149,77,55,54,70,34,29,125,57,43,60,32,39,26,81,26,29,45,66,46,18,104,32,41,53,24,34,20,61,42,28,23,17,16,1,61,36,19,39,30,9,17,36,30,34,25,17,17,9,37,42,28,42,35,19,12,73,31,22,38,34,18,4,59,44,25,41,126,-70,23,77,48,36,50,42,24,21,75,55,42,36,48,36,17,66,36,89,47,32,18,22,70,40,26,35,20,19,11,62,38,17,37,29,22,11,65,32,19,19,17,11,7,76,25,16,19,15,20,14,11,18,19,52,17,25,5,22,10,18,17,3,6,3,6
Fulton,0,0,0,0,0,0,0,0,0,0,0,0,0,0,0,0,0,0,0,0,0,0,0,0,0,0,0,0,0,0,0,0,0,0,0,0,0,0,0,0,0,0,0,0,0,0,0,0,0,0,0,0,0,0,0,0,0,0,0,0,0,0,0,0,0,0,0,0,0,0,0,0,0,0,1,0,0,0,0,0,0,0,0,1,0,0,0,0,0,0,0,0,0,0,1,0,0,0,2,0,0,1,0,0,1,0,0,0,1,0,0,0,0,3,0,0,0,0,1,1,1,0,0,0,0,1,0,0,0,0,0,0,0,0,1,0,0,0,0,0,0,0,0,0,0,0,1,0,0,0,1,0,0,0,0,0,0,0,0,0,0,0,0,0,0,0,0,0,0,1,0,0,0,0,0,0,0,0,0,0,0,0,0,1,0,1,0,0,0,1,0,0,0,2,0,1,0,1,0,1,0,0,0,0,1,0,0,0,0,0,0,0,0,3,0,0,3,0,0,0,0,0,0,0,2,0,0,3,0,-1,0,0,0,1,1,0,0,1,1,0,1,1,0,0,0,1,0,2,0,1,2,3,-1,0,0,0,0,0,3,1,1,0,2,0,1,0,0,2,0,0,0,1,1,0,1,-1,3,3,0,10,3,0,5,6,1,4,2,7,6,2,4,0,1,8,3,4,6,9,1,0,20,11,8,7,9,5,2,17,15,11,1,7,3,4,26,16,26,16,28,11,4,18,29,21,10,16,14,8,26,6,11,6,15,7,6,19,4,7,16,10,8,0,16,12,26,15,2,12,1,35,24,20,11,10,7,4,27,7,8,10,14,6,8,9,14,9,10,7,4,5,24,3,10,8,4,1,4,8,3,3,3,4,0,0,20,2,8,1,3,3,-1,9,2,1,1,3,1,0,3,1,2,6,0,2,0,3,2,2,0,0,3,0,4,2,3,3,3,0,1,3,0,2,1,2,0,0,2,8,0,3,2,3,0,7,1,4,7,1,1,0,7,2,3,5,3,2,1,9,4,3,6,1,3,0,8,3,-1,6,1,0,1,5,2,3,0,5,1,1,6,2,3,2,3,1,2,7,2,1,3,2,3,1,4,2,4,1,0,0,1,5,5,1,1,5,0,0,0
Greene,0,0,0,0,0,0,0,0,0,0,0,0,0,0,0,0,0,0,0,0,0,0,0,0,0,0,0,0,0,0,0,0,0,0,0,0,0,0,0,0,0,0,0,0,0,0,0,0,0,0,0,0,0,0,0,0,0,0,0,0,0,0,0,2,1,1,2,0,1,2,0,2,0,1,0,0,3,2,4,0,2,0,0,0,0,1,0,0,0,1,0,0,0,0,0,0,0,1,0,0,0,1,0,0,0,0,0,0,0,0,0,0,0,0,0,0,0,0,0,0,0,0,0,0,0,0,0,0,0,0,0,0,0,0,0,0,0,0,0,1,0,2,0,0,0,0,0,0,0,0,3,2,0,0,0,0,0,0,4,0,2,0,0,0,1,2,3,3,2,4,5,6,3,0,2,3,2,2,1,4,3,4,0,2,1,3,1,1,1,3,2,2,0,1,1,1,0,0,2,2,2,0,1,1,3,2,3,0,0,3,0,2,1,1,1,1,0,0,0,1,2,1,1,0,0,5,0,1,3,1,0,2,1,3,3,0,0,1,2,3,1,2,1,7,3,2,1,1,1,3,1,0,2,0,1,0,3,0,1,2,1,1,1,1,2,1,1,3,1,2,2,1,2,1,2,1,2,1,4,4,9,4,12,7,5,8,9,8,14,8,15,8,5,17,12,17,18,14,26,19,7,34,22,29,22,4,30,29,19,31,17,22,10,10,10,22,13,44,41,32,5,15,15,26,55,41,56,25,20,35,17,22,65,21,53,25,40,39,27,27,20,11,48,37,31,27,31,26,26,20,38,31,44,32,39,18,28,31,-5,59,27,16,15,30,24,20,12,16,12,12,14,18,13,21,16,12,7,14,11,11,8,10,4,5,23,9,15,2,19,5,8,15,8,10,11,6,6,2,16,10,9,9,3,2,3,6,4,9,6,6,8,0,4,3,5,2,6,2,4,8,5,3,10,5,5,0,7,9,5,10,10,4,12,22,11,11,17,14,1,5,29,8,8,22,11,14,8,18,14,9,12,12,3,1,12,5,12,2,15,4,0,7,2,3,6,3,2,2,10,3,2,8,3,2,0,11,2,4,7,13,1,1,5,2,15,6,1,4,2,9,3,7,8,6,1,2,7
Huntingdon,0,0,0,0,0,0,0,0,0,0,0,0,0,0,0,0,0,0,0,0,0,0,0,0,0,0,0,0,0,0,0,0,0,0,0,0,0,0,0,0,0,0,0,0,0,0,0,0,0,0,0,0,0,0,0,0,0,0,0,0,0,0,0,0,0,0,1,0,0,0,0,1,1,1,0,0,1,1,2,0,2,0,1,0,1,0,0,0,1,0,0,2,5,0,2,0,2,2,3,9,2,8,8,1,2,1,49,8,2,62,6,3,7,3,4,4,6,0,0,1,6,2,4,1,0,0,0,0,0,2,0,1,0,1,2,0,2,0,0,0,1,0,0,2,0,0,0,0,0,1,0,0,0,0,2,0,3,0,0,6,1,0,0,2,0,0,0,0,0,0,2,1,1,2,0,3,0,3,1,0,2,2,1,1,3,3,6,1,1,0,0,0,1,0,2,0,5,1,4,5,3,0,2,-1,4,7,7,6,3,4,1,2,3,0,5,-1,0,0,4,3,3,4,0,6,3,4,5,1,3,1,1,-1,2,3,1,-1,0,1,0,0,0,2,1,0,3,0,1,1,1,1,1,1,12,5,9,0,13,2,3,45,6,9,18,34,12,26,5,19,17,35,22,13,15,43,40,27,19,16,4,58,25,36,12,12,24,14,39,16,40,22,20,11,6,19,18,46,26,34,15,5,43,24,22,27,31,31,25,31,23,33,20,30,18,13,24,20,39,48,54,19,29,28,31,41,87,48,24,34,42,27,71,50,72,19,47,27,53,38,23,112,72,17,55,46,30,32,25,39,11,34,44,51,67,24,32,25,36,28,16,26,5,26,14,20,19,38,10,13,12,12,16,4,8,22,66,28,13,10,9,8,8,15,27,2,11,38,11,20,6,18,3,8,18,6,31,2,10,2,7,10,6,16,3,9,8,2,16,29,53,9,7,5,62,24,8,9,4,6,7,6,5,-4,20,8,6,3,3,11,5,3,20,5,3,7,14,17,8,12,2,3,8,15,14,15,13,8,10,8,16,13,9,17,10,-1,6,12,10,16,11,6,12,7,10,22,13,26,6,4,7,25,19,10,14,11,0,9,7,16,5,2,7,2,6,5,4,8,2,4,3,7,0,1,8,2,3,0,2
Indiana,0,0,0,0,0,0,0,0,0,0,0,0,0,0,0,0,0,0,0,0,0,0,0,0,0,0,0,0,0,0,0,0,0,0,0,0,0,0,0,0,0,0,0,0,0,0,0,0,0,0,0,0,0,0,0,0,0,0,0,0,0,0,0,0,1,1,0,0,0,4,0,0,1,2,4,4,4,0,0,5,14,0,3,0,0,1,1,2,4,2,2,1,3,3,1,0,0,-1,1,0,0,0,6,1,4,1,0,0,1,0,0,0,2,4,2,0,0,0,2,0,2,1,0,0,0,0,1,0,0,1,0,0,0,0,0,0,0,1,0,0,0,0,1,0,0,0,2,0,2,1,0,0,0,0,0,3,0,0,1,2,4,3,1,2,0,0,0,2,3,2,0,20,9,6,13,-1,6,2,2,1,1,1,4,1,7,13,12,5,11,7,9,6,9,7,3,4,4,14,12,4,7,2,4,9,8,8,5,2,1,0,15,8,6,8,3,1,4,7,1,6,1,7,1,3,10,5,11,1,5,7,3,7,6,20,18,2,9,19,15,28,9,6,21,10,11,15,16,8,7,8,10,13,7,3,14,0,26,11,6,16,6,24,11,10,11,8,13,10,22,11,6,9,12,7,21,34,23,22,7,7,22,29,32,27,25,23,18,18,69,41,31,31,21,47,57,53,51,45,48,53,33,75,62,64,70,39,23,47,71,81,42,58,45,26,60,33,52,88,96,61,37,53,50,36,87,60,74,22,73,56,16,42,53,42,29,15,40,45,23,20,14,5,30,35,39,34,35,16,19,38,111,39,44,36,19,22,23,30,15,24,18,23,23,35,26,26,22,24,10,19,10,19,17,13,19,12,7,19,19,10,21,18,13,7,15,11,14,9,9,9,9,11,12,12,8,6,5,3,9,6,5,22,11,10,13,5,5,5,5,12,5,0,9,12,9,9,13,2,5,11,10,13,9,9,6,3,8,9,6,19,19,7,5,16,28,12,16,20,12,7,17,37,25,23,20,19,12,29,22,35,27,15,16,11,17,23,15,13,16,11,12,26,22,12,15,14,14,11,25,26,30,19,25,11,10,24,17,7,9,17,6,9,15,18,15,11,13,10,3,11,18,11,14,7,2,1,3
Jefferson,0,0,0,0,0,0,0,0,0,0,0,0,0,0,0,0,0,0,0,0,0,0,0,0,0,0,0,0,0,0,0,0,0,0,0,0,0,0,0,0,0,0,0,0,0,0,0,0,0,0,0,0,0,0,0,0,0,0,0,0,0,0,0,0,0,0,0,0,0,0,0,0,0,0,0,0,1,0,0,0,0,1,0,0,0,0,0,0,0,1,0,0,1,0,0,0,0,0,0,0,0,2,0,0,0,1,0,0,0,0,0,0,0,0,0,0,0,0,0,0,0,0,0,0,0,0,0,0,0,2,0,0,3,2,0,1,1,0,0,0,0,0,2,0,0,1,0,0,1,0,0,0,0,1,0,0,0,0,0,0,1,2,0,1,3,2,0,0,3,1,3,0,0,2,2,0,0,0,5,1,0,1,0,0,0,1,2,0,4,2,0,0,1,0,0,2,1,0,1,6,3,2,0,1,1,0,0,0,3,0,1,1,3,5,5,1,0,1,1,1,0,0,0,0,0,1,1,0,0,1,0,0,1,0,0,0,0,3,3,0,-1,1,2,0,0,0,2,0,1,1,-1,0,0,4,1,0,1,2,1,2,3,0,5,5,1,1,0,3,2,0,0,1,4,0,4,6,4,16,2,5,2,10,5,15,9,6,7,18,4,10,16,13,9,13,17,8,21,11,36,19,12,24,22,29,17,23,28,20,35,25,25,34,26,37,58,36,53,46,55,32,40,77,55,35,53,54,19,34,34,36,26,26,33,25,31,37,25,49,13,21,7,11,20,40,16,17,29,17,17,22,41,31,35,27,21,11,15,17,18,22,33,11,22,18,19,28,18,21,17,12,17,21,14,14,27,10,9,16,9,17,40,11,8,5,9,11,12,7,8,8,4,7,10,3,16,5,10,2,11,6,0,4,2,5,1,3,25,9,3,7,1,1,7,6,1,3,4,1,3,9,11,9,8,4,2,3,16,15,1,9,7,4,6,14,9,6,5,8,4,2,11,9,12,16,7,7,3,17,15,15,9,15,5,2,9,8,1,4,8,3,1,0,5,3,6,4,1,2,9,7,5,8,7,2,1,9,4,5,4,3,3,0,6,3,5,1,5,2,1,4,4,3,7,4,3,2,2
Juniata,0,0,0,0,0,0,0,0,0,0,0,0,0,0,0,0,0,0,0,0,0,0,0,0,0,0,0,0,0,0,0,0,0,0,0,0,0,0,0,0,0,0,0,0,0,0,0,0,0,0,0,0,0,0,0,0,0,0,0,0,0,0,1,0,0,0,0,0,2,0,-1,0,3,2,0,4,3,4,5,7,8,0,1,4,4,9,7,3,4,2,0,1,4,0,0,1,1,2,1,1,1,0,2,0,0,0,6,1,0,0,0,1,0,0,0,0,0,0,0,0,0,0,0,1,0,0,0,0,0,0,0,0,0,0,0,0,1,1,2,2,1,3,0,2,1,0,0,0,1,0,0,-1,0,0,1,0,1,1,0,0,0,0,2,0,0,0,0,1,0,0,0,2,0,0,0,0,0,1,0,1,2,0,0,1,1,0,1,2,0,0,0,0,1,0,1,1,0,1,2,1,0,1,0,2,0,2,0,2,0,1,0,2,0,0,1,0,0,3,3,0,0,-1,2,1,0,0,0,0,2,3,1,2,1,1,3,2,1,2,0,3,1,5,3,0,1,1,1,2,5,0,0,3,-1,1,1,0,4,0,0,0,0,1,0,1,0,1,2,1,2,2,3,1,0,2,6,2,2,1,1,4,6,4,2,1,4,7,0,2,2,20,8,15,7,6,20,39,11,19,4,5,46,35,24,17,34,26,26,11,20,35,17,20,8,10,3,12,16,16,19,6,8,13,14,50,73,13,33,26,14,14,23,50,18,11,17,8,38,24,15,8,17,10,12,14,14,10,38,17,5,3,20,13,8,19,11,3,17,25,17,5,5,13,9,12,11,11,6,12,9,4,6,12,7,3,8,3,6,10,3,6,7,4,6,3,2,6,4,7,7,6,1,2,3,6,7,2,6,0,2,7,5,2,2,2,2,1,7,3,6,3,-1,3,4,4,-1,5,4,1,0,1,5,0,3,4,0,0,0,6,7,3,5,5,1,6,2,8,17,5,4,0,9,4,3,6,4,1,0,7,9,5,6,4,7,4,2,7,4,6,9,3,0,7,6,7,5,4,3,0,2,3,0,3,3,3,1,3,1,5,3,2,1,0,5,1,2,5,1,2,2,1,5,2,0,2,0,0,1
Lackawanna,0,0,0,0,0,0,0,0,0,0,0,0,0,0,0,0,0,0,0,0,0,0,0,0,0,0,0,0,0,0,0,0,0,0,0,0,0,0,0,0,0,0,0,0,0,0,0,0,0,0,0,0,0,0,0,0,1,1,2,1,1,1,8,3,10,7,16,5,6,16,7,23,11,27,26,18,45,31,46,34,46,35,32,42,26,32,33,28,16,10,20,16,25,28,37,21,40,21,19,40,21,34,31,18,21,38,17,21,20,38,15,24,21,24,17,54,17,19,11,26,32,19,25,15,3,9,8,5,12,15,4,4,4,1,13,6,4,4,1,3,4,4,3,2,1,1,6,3,0,6,5,0,5,3,8,10,14,18,4,10,9,4,7,5,6,8,1,6,3,6,4,3,5,3,6,1,6,11,8,9,3,9,6,10,12,6,3,6,6,12,7,9,4,2,1,2,9,4,6,5,5,8,4,2,6,5,3,3,3,1,3,5,6,6,8,4,3,6,4,15,34,18,6,8,24,12,25,22,25,4,5,8,7,37,39,12,8,8,3,5,22,16,21,5,9,7,7,35,46,36,14,24,15,25,37,0,57,18,16,22,30,45,64,28,38,48,43,60,72,47,46,24,42,44,54,82,34,59,24,49,44,34,37,29,29,26,35,24,27,44,35,14,26,41,38,49,45,42,39,9,46,50,74,58,68,61,44,53,64,73,83,79,51,41,55,96,105,118,141,60,67,91,87,141,183,86,97,97,111,113,159,104,161,100,113,115,126,187,125,137,112,69,129,144,169,170,148,94,59,169,145,150,207,146,129,90,143,165,166,79,118,131,121,101,94,98,118,130,77,57,54,149,81,84,82,31,35,64,47,46,48,68,78,54,55,68,82,52,101,41,25,52,72,41,80,56,32,34,41,55,47,57,59,46,30,45,63,32,53,48,23,37,60,49,41,42,55,29,14,49,59,67,58,69,32,19,68,100,72,76,92,20,29,126,76,89,82,89,69,35,107,75,61,71,84,46,31,133,75,78,110,84,72,20,89,99,59,104,71,43,28,59,62,59,56,39,28,35,44,27,63,50,34,7,11,42,24,15,19,28,15,15,23,21,11,18,57,4,16,1,22,22,30,8,2,1,4
Lancaster,0,0,0,0,0,0,0,0,0,0,0,0,0,0,0,0,0,0,0,0,0,0,0,0,0,0,0,0,0,0,0,0,0,0,0,0,0,0,0,0,0,0,0,0,0,0,0,0,0,0,0,0,0,0,0,0,1,1,0,2,2,-1,5,2,9,12,12,22,30,26,34,46,29,59,80,37,82,71,35,52,50,74,56,37,49,56,60,83,75,48,59,31,33,92,50,76,56,45,25,62,55,84,32,55,27,23,29,52,63,38,33,39,30,39,64,42,38,44,41,6,91,46,54,64,42,89,46,25,49,26,30,28,29,49,34,36,67,57,42,51,46,32,50,37,33,25,25,28,37,44,38,50,30,77,46,60,68,46,62,26,28,22,40,26,42,17,13,21,50,38,72,33,28,7,25,30,45,37,31,33,32,38,36,32,38,35,48,17,48,38,74,37,65,64,28,23,20,31,66,34,67,52,24,29,71,47,36,30,16,32,27,41,65,35,37,14,39,29,31,45,37,37,34,58,78,52,41,42,36,31,39,32,45,53,35,34,18,29,37,45,42,36,35,17,41,93,33,37,41,48,28,51,55,59,50,0,93,23,39,60,51,53,104,43,39,62,49,33,61,80,54,28,49,45,53,84,74,59,75,70,90,74,117,113,52,104,131,114,94,190,143,156,90,118,202,194,247,276,229,217,169,250,368,343,206,465,181,268,335,389,482,267,313,232,310,368,378,720,426,278,244,379,428,481,478,371,512,215,325,410,439,487,342,320,286,194,469,413,332,250,170,230,315,374,360,319,400,205,117,429,459,412,439,514,372,279,280,410,376,308,361,292,233,257,277,247,305,373,201,212,200,374,288,967,256,317,175,235,170,194,233,306,377,134,245,196,309,195,292,176,129,104,225,181,141,158,80,103,102,175,120,108,179,103,75,104,142,165,133,134,97,76,128,149,132,162,120,88,62,145,153,143,130,157,82,68,128,193,162,190,165,158,149,236,161,193,222,249,200,90,149,179,183,187,196,147,167,304,204,212,250,215,183,79,193,184,238,168,151,150,92,123,170,134,173,132,111,56,102,100,112,109,112,62,47,66,97,85,70,65,49,24,61,45,31,59,54,46,34,22,42,25,41,29,30,16,10
Lawrence,0,0,0,0,0,0,0,0,0,0,0,0,0,0,0,0,0,0,0,0,0,0,0,0,0,0,0,0,0,0,0,0,0,0,0,0,0,0,0,0,0,0,0,0,0,0,0,0,0,0,0,0,0,0,0,0,0,0,0,0,0,0,0,1,0,3,4,0,2,3,0,3,3,3,1,1,5,3,5,8,1,3,2,0,4,0,4,1,-1,0,1,1,0,0,0,0,2,0,1,1,0,0,0,0,2,1,1,0,0,1,0,1,0,0,1,0,0,0,1,0,0,0,1,0,0,0,0,0,2,3,1,0,1,2,-1,0,2,1,0,0,2,-1,0,1,0,0,0,1,1,1,0,0,2,0,2,5,0,2,1,-1,1,1,4,3,4,5,5,5,12,5,13,12,3,23,3,7,2,12,4,1,9,8,14,4,11,8,8,3,17,11,5,14,0,5,6,4,6,24,6,1,1,1,0,9,13,6,2,1,6,0,2,2,3,3,2,0,2,2,5,3,1,1,4,5,2,2,2,4,0,0,0,5,1,0,1,2,4,0,3,2,3,4,0,0,2,4,4,1,7,2,12,0,0,9,8,0,11,3,2,4,25,9,6,14,6,15,10,28,4,18,5,15,18,12,24,23,20,20,9,16,14,24,11,33,10,46,21,69,39,43,64,30,27,47,45,62,30,45,29,41,50,41,39,51,42,28,26,57,57,62,32,73,42,11,86,38,111,62,94,56,50,69,90,69,105,102,63,41,52,93,42,107,119,42,44,54,67,80,79,30,11,19,81,47,36,41,75,29,41,40,55,53,84,71,56,36,45,63,33,25,40,33,23,40,38,27,33,46,28,26,18,28,29,29,24,23,13,18,23,34,23,24,30,9,40,25,20,21,33,10,14,17,18,20,26,20,10,4,15,17,8,29,17,11,12,18,20,22,32,24,8,10,17,26,10,17,21,14,8,14,17,19,19,14,18,14,20,38,13,35,25,15,17,20,29,21,31,44,17,6,28,30,29,16,15,23,14,27,33,32,24,24,14,6,32,23,18,15,33,10,10,25,4,9,21,17,16,7,11,7,13,16,30,7,8,16,9,9,13,21,7,4,22,13,10,11,7,8,5,11,7,11,12,2,3,1,6
Lebanon,0,0,0,0,0,0,0,0,0,0,0,0,0,0,0,0,0,0,0,0,0,0,0,0,0,0,0,0,0,0,0,0,0,0,0,0,0,0,0,0,0,0,0,0,0,0,0,0,0,0,0,0,0,0,0,0,0,1,0,1,1,0,0,0,1,8,3,4,8,1,8,9,9,33,19,18,21,24,18,31,14,38,14,44,21,31,44,34,26,18,23,10,9,31,17,20,9,14,13,28,18,16,25,21,10,8,11,12,8,6,4,10,24,7,7,10,1,3,3,5,2,5,8,9,3,10,14,8,6,8,11,3,8,14,3,3,21,41,10,14,5,15,34,22,20,8,3,7,10,16,14,11,10,11,6,13,9,9,15,7,11,8,11,14,5,3,0,6,10,5,15,10,12,7,26,2,5,3,5,9,2,9,9,11,4,8,3,4,6,5,3,1,2,6,6,4,3,7,3,1,15,7,4,5,6,8,4,6,1,2,2,8,0,2,7,5,4,4,9,11,12,4,7,8,3,3,6,15,5,9,6,5,6,13,7,10,14,19,33,10,9,22,4,10,14,12,12,18,14,22,12,8,21,13,21,0,38,14,17,30,34,20,60,23,14,39,26,33,35,57,30,25,38,26,54,35,48,42,47,67,74,19,75,61,22,41,59,59,74,55,66,53,42,52,57,86,98,42,46,65,79,90,82,83,75,193,51,97,75,101,69,99,78,54,50,164,204,137,149,66,53,131,95,129,99,123,195,113,103,105,105,112,116,108,96,78,135,109,71,103,112,50,122,147,135,105,131,80,39,151,147,125,133,209,104,75,98,107,102,52,114,114,43,93,106,86,96,88,32,73,58,99,62,77,65,59,31,56,27,52,57,49,79,35,69,37,42,34,49,55,22,25,40,29,22,39,20,8,27,24,30,38,28,21,22,28,33,21,29,23,33,15,33,34,31,38,34,24,12,30,51,35,17,32,17,21,37,68,44,63,108,-49,22,71,45,21,52,48,34,24,35,56,38,39,76,41,20,84,32,71,64,87,43,23,65,85,59,72,63,48,25,62,58,47,58,47,38,20,52,49,36,47,36,15,16,40,35,22,15,27,11,19,23,14,10,27,18,10,7,20,24,21,19,7,10,8,4
Lehigh,0,0,0,0,0,0,0,0,0,0,0,0,0,0,0,0,0,0,0,0,0,0,0,0,0,0,0,0,0,0,0,0,0,0,0,0,0,0,0,0,0,0,0,0,0,0,0,0,0,0,0,0,0,0,1,0,0,0,1,11,6,6,2,11,25,30,16,42,80,41,102,105,105,220,73,129,140,173,147,96,58,64,63,56,119,77,93,49,62,42,50,79,44,60,73,50,35,49,34,77,54,46,28,39,36,64,39,38,29,72,18,27,32,60,18,44,30,21,22,37,36,27,15,23,16,9,23,20,19,9,18,5,10,22,15,12,17,12,13,19,5,12,19,13,14,4,16,5,19,27,48,13,6,18,21,34,23,18,9,6,15,23,22,12,11,8,6,17,20,16,21,33,6,9,11,15,30,24,22,5,18,21,15,9,15,43,21,15,30,42,20,15,18,21,4,18,16,14,17,16,34,7,17,30,14,11,12,11,3,12,8,10,9,7,9,4,3,4,13,13,19,12,8,8,11,21,5,23,21,15,-1,22,0,19,18,16,11,16,19,23,13,5,15,10,11,25,21,17,29,26,14,32,19,16,27,0,39,11,24,45,25,26,40,35,5,18,24,30,25,31,20,20,17,35,61,56,58,35,85,45,52,50,55,113,52,81,83,60,93,110,149,105,113,118,190,202,165,134,171,88,106,139,213,270,241,218,147,163,181,263,315,298,133,100,67,289,202,484,376,270,255,305,253,371,294,270,340,295,206,316,420,233,242,286,382,215,294,394,272,228,209,169,252,330,317,326,433,124,139,350,295,418,351,527,284,220,195,373,284,269,273,229,103,217,182,193,238,284,131,80,239,179,248,288,195,120,105,117,70,60,116,154,137,61,175,81,155,98,122,54,41,92,100,96,76,76,58,51,85,76,90,118,97,59,56,86,78,85,77,86,39,42,78,88,106,107,108,76,59,110,88,112,164,128,75,68,157,168,163,161,178,116,81,220,130,163,160,216,122,115,148,126,143,195,175,91,82,244,135,162,179,138,64,55,189,107,144,159,155,97,59,78,98,109,219,105,64,45,84,76,61,126,36,44,25,73,44,57,60,49,18,23,48,30,70,78,58,20,18,16,32,35,25,17,13,11,11
Luzerne,0,0,0,0,0,0,0,0,0,0,0,0,0,0,0,0,0,0,0,0,0,0,0,0,0,0,0,0,0,0,0,0,0,0,0,0,0,0,0,0,0,0,0,0,0,0,0,0,0,0,0,0,0,0,1,0,0,0,1,4,1,3,11,6,9,19,10,29,56,62,70,102,100,164,93,108,133,152,107,84,47,39,35,77,44,44,57,44,29,26,33,48,32,41,41,46,27,43,33,32,30,38,29,15,25,26,26,15,9,60,10,23,18,10,14,22,13,6,22,18,22,26,11,14,6,11,15,12,22,11,14,3,11,16,7,9,9,2,0,5,12,3,10,1,6,5,5,1,4,5,11,3,6,3,1,9,8,7,5,3,4,5,12,12,11,6,2,6,3,12,13,10,15,7,1,11,6,5,15,6,3,12,2,6,16,23,14,12,35,34,14,13,24,48,14,14,25,22,10,29,10,14,15,49,27,23,22,9,14,12,12,6,15,12,12,8,14,8,10,23,15,3,7,10,13,17,13,36,15,12,4,12,3,13,15,2,8,15,15,8,11,13,11,3,12,11,10,11,17,14,12,12,9,12,10,0,36,16,13,30,25,28,41,41,39,32,38,54,44,61,48,45,33,43,112,75,41,89,54,78,64,75,55,78,79,50,53,67,67,87,97,80,81,133,111,192,118,173,98,73,223,228,181,230,190,158,82,147,196,249,250,197,221,104,126,212,362,298,313,221,184,271,184,291,256,162,344,275,139,485,534,299,267,152,205,86,326,121,149,263,152,74,103,384,319,281,222,109,44,224,181,276,249,289,236,180,115,190,238,146,141,258,67,116,163,153,172,166,123,70,91,468,127,130,183,157,69,75,42,112,112,127,108,75,60,80,83,57,123,71,38,71,78,54,69,75,44,38,50,73,71,67,45,56,23,45,60,64,68,44,39,20,67,55,71,69,84,73,26,53,78,78,50,120,66,46,50,122,103,135,91,83,81,106,105,105,91,158,98,61,108,121,101,110,153,103,52,147,119,113,187,114,68,47,120,152,113,138,110,83,43,86,126,100,136,85,57,42,83,77,64,76,83,32,32,81,77,51,59,44,21,28,52,58,38,59,54,33,26,16,35,21,24,26,19,6,9
Lycoming,0,0,0,0,0,0,0,0,0,0,0,0,0,0,0,0,0,0,0,0,0,0,0,0,0,0,0,0,0,0,0,0,0,0,0,0,0,0,0,0,0,0,0,0,0,0,0,0,0,0,0,0,0,0,0,0,0,0,0,0,0,0,0,1,0,1,0,1,1,2,1,0,1,2,-1,1,2,3,2,1,2,3,5,1,1,0,2,4,1,3,2,1,1,4,5,2,2,1,3,7,3,10,4,1,0,4,9,10,18,4,1,0,7,0,2,5,1,2,0,3,0,3,3,0,2,1,0,1,0,2,0,0,0,2,0,0,0,1,1,0,0,0,0,3,0,0,1,0,0,0,0,1,0,0,2,1,0,0,1,2,3,5,6,3,12,6,0,3,15,2,5,1,2,5,2,3,7,4,1,4,6,2,3,3,8,2,2,5,2,5,8,11,7,5,2,3,9,3,15,12,10,9,7,4,15,4,10,2,2,8,4,1,10,4,8,5,8,6,3,4,3,10,4,4,5,7,6,12,5,-1,3,5,4,10,3,1,2,8,7,7,7,6,4,3,3,8,10,7,13,19,4,5,10,9,6,0,20,7,2,18,24,12,11,11,4,5,9,11,8,7,9,6,3,11,8,4,14,14,8,10,8,11,9,7,9,10,8,9,12,21,18,15,20,10,46,32,58,37,43,-2,57,65,70,47,80,63,32,38,47,85,57,85,93,40,43,72,195,90,151,98,64,65,79,227,248,123,162,135,156,165,167,84,130,92,228,85,171,105,145,73,47,74,123,116,101,83,118,24,42,92,101,71,155,83,75,51,117,88,67,52,79,63,29,60,69,63,53,61,50,39,47,63,43,51,57,30,26,44,53,36,126,53,73,33,44,37,60,31,57,40,35,45,34,19,41,42,20,18,43,35,36,36,50,42,16,40,25,21,29,32,14,17,33,26,30,19,26,20,10,39,19,34,22,47,18,10,35,36,36,44,154,-71,28,31,74,39,48,86,15,34,43,37,41,35,33,49,10,53,30,51,47,46,26,16,42,35,42,42,40,42,7,35,22,27,36,19,38,16,29,14,27,15,52,20,6,32,22,23,21,20,6,1,28,8,20,16,21,20,10,10,11,14,8,7,3,4,9
McKean,0,0,0,0,0,0,0,0,0,0,0,0,0,0,0,0,0,0,0,0,0,0,0,0,0,0,0,0,0,0,0,0,0,0,0,0,0,0,0,0,0,0,0,0,0,0,0,0,0,0,0,0,0,0,0,0,0,0,0,0,0,0,0,0,0,0,1,0,0,0,0,0,0,0,0,0,0,0,0,0,1,0,1,1,0,0,0,0,0,0,1,0,0,0,0,0,0,0,1,0,0,0,0,0,0,0,0,0,0,0,0,2,0,0,2,0,1,0,0,0,0,0,0,0,1,0,0,0,0,0,0,0,0,0,1,0,0,0,0,0,0,0,0,0,0,0,0,0,0,0,0,1,1,0,0,0,0,0,0,0,2,1,0,2,0,0,0,0,0,0,0,0,0,0,0,0,0,2,3,0,0,0,1,0,0,0,0,0,0,0,0,2,0,0,5,0,0,1,0,0,0,0,0,0,0,0,0,0,0,0,0,0,1,0,0,0,0,0,1,1,0,0,0,3,0,1,0,0,0,0,0,3,0,0,3,1,0,3,0,0,2,0,2,1,1,0,0,0,0,0,0,1,1,1,0,0,3,-1,1,0,3,0,6,6,0,1,1,4,6,3,1,5,2,1,3,7,6,1,10,3,4,12,9,1,4,3,7,3,7,2,7,2,15,11,8,5,13,16,13,8,18,2,25,5,9,32,12,31,6,15,7,14,6,13,34,14,10,27,38,109,91,59,35,60,25,28,25,31,34,39,51,50,59,27,26,34,15,88,16,37,21,16,48,22,33,54,70,26,7,43,25,26,84,31,34,11,28,23,24,37,16,49,25,22,18,17,30,26,142,21,44,45,22,21,29,7,10,36,8,43,13,17,18,3,14,17,8,8,24,7,7,3,2,7,13,14,2,0,10,2,4,6,9,0,2,3,5,5,4,7,6,4,6,3,6,4,1,2,1,6,0,5,5,-1,3,2,5,5,8,6,11,2,3,10,7,12,7,3,5,2,2,6,17,10,3,11,-1,37,11,14,15,21,6,2,10,7,15,19,10,3,10,8,11,17,18,12,7,4,27,17,22,17,18,1,3,16,19,11,10,25,2,3,3,1,12,4,12,4,2,9,1,5,4,10,1,1,0
Mercer,0,0,0,0,0,0,0,0,0,0,0,0,0,0,0,0,0,0,0,0,0,0,0,0,0,0,0,0,0,0,0,0,0,0,0,0,0,0,0,0,0,0,0,0,0,0,0,0,0,0,0,0,0,0,0,0,0,0,0,0,1,0,1,0,1,1,2,1,0,1,0,1,1,4,4,0,8,1,3,6,2,2,3,1,3,3,6,1,2,0,0,0,1,4,0,1,0,1,-1,0,0,1,0,0,1,2,1,0,3,0,2,2,1,3,2,8,0,3,2,0,1,5,1,1,1,0,1,0,1,0,0,0,0,0,3,0,1,0,0,2,1,0,0,0,0,1,2,0,1,0,0,1,0,0,1,6,4,2,3,1,4,0,2,1,7,4,4,1,0,2,1,4,3,6,11,17,5,8,7,8,14,14,17,6,7,4,3,4,3,5,10,13,10,7,8,8,12,13,15,15,18,5,4,10,12,12,10,3,2,9,0,6,3,5,8,6,2,3,2,2,2,2,1,3,4,7,5,9,15,11,7,5,5,2,17,20,0,3,3,1,21,4,7,4,4,2,5,10,5,3,7,6,3,3,10,0,14,7,6,1,12,5,20,5,4,9,7,15,5,15,3,9,22,13,19,21,15,9,22,19,18,21,28,36,9,19,29,33,37,38,50,35,38,58,77,88,67,73,65,60,60,111,58,56,65,100,47,56,72,79,63,97,66,42,124,50,150,76,183,135,90,107,110,100,154,128,152,131,97,79,83,105,141,86,75,79,44,99,65,106,64,23,87,55,112,41,102,64,41,55,45,43,132,65,55,54,48,81,53,51,55,36,22,41,31,41,52,61,27,23,30,28,42,42,42,20,6,32,19,29,25,57,13,9,19,15,21,23,37,19,21,10,15,12,28,16,9,2,23,15,22,15,23,9,8,22,36,103,25,15,0,11,21,14,8,11,11,6,3,18,11,17,13,6,8,2,7,21,8,24,9,9,15,21,13,6,23,21,9,5,19,31,17,22,33,23,11,25,27,18,30,34,12,9,29,36,16,20,32,12,9,13,20,15,20,24,17,6,28,23,23,25,22,7,2,30,18,21,22,30,5,2,26,9,14,17,14,7,6,17,8,10,17,7,5,7,8
Mifflin,0,0,0,0,0,0,0,0,0,0,0,0,0,0,0,0,0,0,0,0,0,0,0,0,0,0,0,0,0,0,0,0,0,0,0,0,0,0,0,0,0,0,0,0,0,0,0,0,0,0,0,0,0,0,0,0,0,0,0,0,0,0,0,0,0,0,0,2,-1,1,-1,0,1,2,5,0,-3,4,0,1,-1,2,5,-1,-1,0,2,2,1,0,1,1,2,2,0,1,3,4,2,2,-1,1,1,0,3,3,3,2,0,2,0,0,1,1,3,0,0,0,0,0,0,0,0,1,0,0,0,0,0,1,0,0,0,0,0,0,0,0,0,0,0,0,0,0,0,0,1,0,1,0,0,0,0,0,0,0,1,0,0,1,0,0,0,0,1,0,1,1,2,2,0,2,0,2,0,0,2,3,2,0,1,1,-1,2,3,2,2,0,2,0,5,2,5,1,3,2,2,2,1,4,0,0,0,1,2,-1,2,1,1,4,2,0,4,2,0,0,3,5,6,3,4,1,1,0,2,3,4,1,1,2,1,1,1,8,4,3,3,3,2,7,1,1,1,1,4,3,2,1,1,2,2,3,0,2,1,0,6,3,7,4,5,3,5,7,9,4,4,3,9,12,5,3,3,7,12,6,11,12,2,7,15,15,15,10,21,14,20,23,14,34,23,22,37,27,20,92,47,54,7,7,63,87,88,66,77,35,47,46,65,68,106,61,50,24,22,58,139,54,183,65,23,74,42,215,-23,22,111,45,9,52,56,37,36,33,37,-1,101,6,29,63,27,27,16,50,29,44,46,40,6,33,38,33,44,29,27,40,26,27,39,21,13,78,24,15,21,8,32,17,24,17,9,39,12,16,35,33,14,10,7,35,10,17,12,7,11,8,9,13,3,14,11,8,8,9,9,7,8,3,12,8,4,8,8,6,3,4,13,4,9,5,11,3,-1,4,14,5,9,3,1,4,7,5,7,4,5,1,4,13,9,15,15,6,4,5,23,9,11,9,5,1,1,12,5,8,13,9,4,11,8,7,29,15,19,3,15,4,19,17,22,16,4,17,20,19,13,17,15,16,14,16,17,16,4,12,3,4,17,6,11,2,12,5,9,8,7,6,4,1,1,1,6,7,1,4,3,2,7
Monroe,0,0,0,0,0,0,0,0,0,0,0,0,0,0,0,0,0,0,0,0,0,0,0,0,0,0,0,0,0,0,0,0,0,0,0,0,0,0,0,0,0,0,0,0,0,0,0,0,1,1,0,1,0,0,5,0,0,7,4,6,6,12,2,6,16,31,8,29,47,54,42,43,76,87,44,44,38,61,45,36,22,21,21,31,25,26,31,14,20,7,25,20,9,13,17,11,18,14,14,16,20,18,7,1,13,4,4,4,8,12,6,5,-1,12,2,6,6,5,8,11,13,4,7,2,1,0,5,1,4,3,1,1,5,1,7,2,3,0,3,1,2,2,1,0,0,3,6,1,6,3,4,6,2,1,5,4,3,10,4,4,12,2,5,2,4,2,3,5,7,5,6,8,1,2,1,8,5,1,6,5,4,27,4,2,3,12,2,4,5,8,3,7,7,4,7,10,3,3,4,6,10,2,6,8,5,2,6,4,2,1,1,8,7,2,2,4,7,-1,4,7,2,-1,2,2,4,10,1,4,2,2,3,5,3,3,0,4,2,7,1,3,1,1,1,2,4,1,5,2,3,2,5,4,3,5,7,0,10,3,2,15,2,4,6,8,9,9,9,5,6,9,10,15,2,4,17,7,15,9,9,12,7,9,13,27,12,11,39,26,25,29,31,17,28,31,49,46,66,46,47,26,33,28,69,54,62,48,39,36,73,69,71,163,43,27,36,108,106,139,116,92,62,131,61,135,76,88,83,91,59,75,112,85,57,81,87,73,78,108,59,76,60,50,103,93,110,80,161,35,35,99,92,131,110,137,127,53,81,109,77,73,113,93,34,77,62,58,85,77,45,44,67,82,61,68,76,50,44,44,30,23,29,48,62,27,56,23,49,45,74,30,16,43,35,44,36,37,27,18,53,32,23,46,42,25,23,53,51,52,50,47,23,26,63,56,54,55,48,69,20,72,58,70,88,54,50,23,63,80,84,69,87,48,52,122,80,91,71,108,79,46,136,57,107,113,99,72,43,137,73,55,132,112,46,41,94,67,81,73,92,70,36,90,69,51,104,79,39,29,56,42,38,72,34,23,26,40,30,22,40,30,20,21,19,15,8,26,24,3,7,15,10,13,7,9,8,1,5
Montgomery,0,0,0,0,0,0,0,0,0,0,0,0,0,0,0,0,0,0,0,0,0,0,0,0,0,0,0,0,0,0,0,0,0,0,0,0,0,0,0,0,0,0,0,0,0,0,4,1,3,1,4,5,2,0,10,4,8,13,13,9,33,26,23,60,94,61,37,77,52,30,79,86,140,107,129,119,129,162,172,196,164,111,121,69,121,69,140,97,132,127,114,140,101,130,102,106,84,226,134,130,99,81,65,93,42,140,88,122,79,144,32,150,71,70,114,100,75,140,51,91,114,98,98,61,51,22,140,73,95,100,55,32,79,70,109,65,126,40,28,62,37,45,80,31,33,32,20,40,24,32,30,27,20,36,29,56,57,50,26,36,35,35,31,48,27,21,24,48,36,31,41,38,28,20,31,65,27,61,31,57,34,40,60,29,74,59,48,63,66,52,50,38,52,22,35,38,44,31,32,62,44,28,38,32,45,43,54,44,28,46,44,45,39,60,46,42,29,34,53,41,35,49,39,58,33,63,48,63,46,46,42,41,35,27,41,19,60,53,28,62,55,42,35,30,30,36,31,25,60,36,29,49,27,40,72,0,102,18,26,48,54,58,71,36,31,56,48,54,51,64,31,31,52,42,76,82,95,71,101,96,94,123,149,144,120,77,131,137,135,217,193,156,193,197,258,340,318,278,395,185,261,263,361,345,352,344,294,259,267,389,305,350,308,296,203,390,689,609,579,513,269,548,298,695,616,585,449,383,383,422,516,583,337,329,290,557,470,488,476,444,276,314,350,506,539,467,511,318,133,541,448,839,551,493,532,306,381,310,472,364,473,420,268,321,282,304,398,314,260,300,276,352,335,929,300,283,220,285,153,205,160,242,340,196,202,200,229,153,232,126,101,147,238,211,175,210,111,150,151,182,140,233,156,161,109,187,147,216,156,216,266,114,110,152,122,211,138,167,106,173,176,154,214,332,160,108,144,277,206,252,270,242,197,319,239,207,307,372,320,273,219,268,347,285,312,234,186,462,317,304,348,283,293,214,323,240,173,245,229,210,150,195,237,211,270,165,153,88,158,109,115,166,116,58,75,30,130,103,73,68,57,53,44,36,43,82,53,41,31,-15,44,39,30,26,33,15,32
Montour,0,0,0,0,0,0,0,0,0,0,0,0,0,0,0,0,0,0,0,0,0,0,0,0,0,0,0,0,0,0,0,0,0,0,0,0,0,0,0,0,0,0,0,0,0,0,0,0,0,0,0,0,0,0,0,0,0,0,0,1,0,0,2,1,0,0,1,-1,6,-1,4,2,1,3,18,0,0,0,0,0,0,0,2,5,0,4,0,1,-1,0,-1,0,0,0,0,0,1,-1,0,0,1,1,1,0,0,0,0,0,-1,0,0,0,1,0,0,0,0,0,0,0,1,0,-1,0,0,0,0,0,0,0,2,1,0,0,0,0,0,0,0,0,0,2,1,8,0,1,0,2,1,0,0,0,0,0,0,0,1,1,3,0,0,1,1,0,0,1,0,0,0,0,1,0,2,0,1,1,1,2,0,0,2,1,-1,0,1,2,2,0,1,0,1,0,0,0,0,1,3,1,2,1,1,0,2,0,2,0,4,2,1,3,0,3,3,1,0,0,1,2,0,3,0,4,-1,1,4,2,2,2,1,3,3,4,0,4,2,0,1,0,1,0,0,0,2,0,0,0,1,3,2,4,0,-1,12,10,5,0,-2,18,2,1,7,7,8,2,2,2,4,3,7,10,3,2,1,3,1,10,1,2,1,1,1,3,6,3,2,1,1,1,2,8,9,2,7,4,6,4,4,6,0,1,11,14,2,5,5,6,3,8,8,11,4,7,12,6,7,49,139,117,201,73,8,40,16,166,0,-620,128,50,-117,13,48,62,70,20,-54,10,187,0,-124,164,-89,31,-43,62,90,-7,52,11,-76,12,47,-10,18,36,33,133,-15,-73,48,-13,23,130,-40,-39,33,19,28,-12,16,18,-21,32,11,1,25,56,-22,-4,18,3,18,5,8,5,3,3,3,9,1,4,22,6,0,4,7,6,4,-1,4,1,-2,4,9,9,3,3,1,2,5,-1,-12,2,-19,0,1,3,3,6,5,0,3,8,5,7,0,0,1,2,4,4,5,4,7,5,4,3,4,8,2,4,5,5,3,10,2,3,2,1,6,5,4,2,5,0,3,7,2,11,6,1,1,3,5,7,2,4,1,0,2,4,1,6,2,2,1,-1,2,1,3,1,2,1,3,3,1,1,3,1,1,0,1,1,0,2,2,1,0
Northampton,0,0,0,0,0,0,0,0,0,0,0,0,0,0,0,0,0,0,0,0,0,0,0,0,0,0,0,0,0,0,0,0,0,0,0,0,0,0,0,0,0,0,0,0,0,0,0,0,0,0,1,0,0,0,0,0,0,4,5,7,4,2,10,11,12,23,15,32,58,61,67,66,88,122,48,80,58,83,92,45,45,43,48,46,75,45,39,61,45,28,75,47,65,60,64,33,21,136,38,42,53,79,32,26,39,34,42,35,39,24,12,34,19,48,34,59,44,24,31,21,35,28,24,45,9,13,25,64,23,17,21,-1,26,12,4,12,8,7,17,7,18,9,15,15,8,6,4,5,15,14,20,5,3,15,12,13,8,17,12,18,6,12,16,17,5,8,4,10,15,13,14,19,8,1,3,24,19,13,17,12,6,8,12,17,17,24,19,12,22,26,10,11,16,17,3,15,13,11,11,5,10,3,13,12,26,9,8,9,5,1,8,14,13,1,9,7,2,5,7,12,20,2,3,3,10,4,7,11,6,15,3,10,10,14,14,14,20,19,24,28,20,15,26,4,9,18,22,14,19,11,16,10,10,9,22,0,43,9,32,46,30,23,83,32,12,19,22,24,43,50,27,13,26,20,47,29,48,37,35,37,52,46,42,87,51,36,45,48,78,85,93,54,73,76,117,133,136,107,142,76,95,130,168,161,194,174,144,153,140,201,189,236,97,104,95,245,188,404,291,212,228,233,226,413,269,243,295,226,146,333,308,183,213,268,320,195,238,350,234,219,100,114,191,296,268,292,321,97,72,308,279,314,322,337,215,129,174,245,228,210,241,179,105,236,205,180,216,247,129,97,251,208,202,448,180,128,142,131,83,68,114,166,180,61,225,106,191,150,190,136,47,113,148,143,123,98,85,65,148,97,96,113,85,67,41,114,121,117,79,103,57,37,81,86,115,133,103,75,60,121,101,124,157,183,85,48,195,191,202,182,260,-11,108,230,148,142,166,234,123,100,164,151,171,171,169,67,79,248,141,157,202,154,69,57,163,109,133,133,132,97,69,98,89,99,128,95,70,34,85,63,54,91,45,27,26,67,40,44,66,40,20,13,36,26,34,58,36,19,14,29,20,14,19,16,18,6,2
Northumberland,0,0,0,0,0,0,0,0,0,0,0,0,0,0,0,0,0,0,0,0,0,0,0,0,0,0,0,0,0,0,0,0,0,0,0,0,0,0,0,0,0,0,0,0,0,0,0,0,0,0,0,0,0,0,0,0,0,0,0,0,0,0,0,0,0,0,1,0,0,0,5,2,0,1,5,1,7,0,2,5,2,6,3,8,8,4,0,7,0,6,4,0,5,2,3,3,0,2,0,1,2,3,1,1,7,4,1,6,1,5,1,1,2,4,4,3,2,2,2,5,0,5,9,6,4,3,5,4,0,4,2,2,4,1,2,5,2,1,0,2,0,2,6,3,2,4,3,3,18,2,2,15,8,1,1,3,4,6,5,3,2,10,2,4,3,4,0,1,6,5,3,1,3,0,5,1,3,5,1,2,1,1,1,3,6,4,2,0,9,8,2,1,0,2,4,9,5,6,22,11,6,9,32,6,11,2,11,26,12,11,4,5,7,15,8,6,7,3,11,7,9,4,9,11,11,29,8,20,4,2,1,6,4,7,15,3,4,5,15,6,16,13,2,24,13,19,8,36,13,48,15,14,14,16,15,0,34,12,7,60,16,22,14,5,8,14,6,6,15,10,9,10,5,8,28,33,64,12,7,14,10,22,22,14,9,21,11,17,38,23,15,25,18,29,28,37,37,32,14,6,54,58,24,37,70,55,36,29,59,61,71,80,56,33,53,50,90,79,88,58,49,79,58,67,184,37,69,76,83,95,116,22,63,67,93,54,78,77,41,61,54,22,54,69,82,225,64,51,49,71,91,92,118,82,49,37,90,80,48,60,47,44,34,56,55,40,45,67,34,33,48,86,39,69,58,32,36,29,23,50,320,40,76,22,35,32,33,54,66,27,11,17,93,18,22,22,6,6,14,18,10,12,16,33,8,9,30,16,27,11,15,5,22,18,18,24,18,25,10,24,16,18,19,36,12,8,22,19,4,41,97,-61,22,20,33,19,30,29,13,9,10,31,29,32,26,23,8,39,23,24,36,21,9,8,27,25,33,30,23,19,9,20,25,18,19,21,11,12,17,28,15,28,19,9,4,17,13,13,17,11,8,7,16,6,15,25,11,9,8,3,15,9,7,9,9,3,5
Out of PA,0,0,0,0,0,0,0,0,0,0,0,0,0,0,0,0,0,0,0,0,0,0,0,0,0,0,0,0,0,0,0,0,0,0,0,0,0,0,0,0,0,0,0,0,0,0,0,0,0,0,0,0,0,0,0,0,0,0,0,0,0,0,0,0,0,0,0,0,0,0,0,0,0,0,0,0,0,0,0,0,0,0,0,0,0,0,0,0,0,0,0,0,0,0,0,0,0,0,0,0,0,0,0,0,0,0,0,0,0,0,0,0,0,0,0,0,0,0,0,0,0,0,0,0,0,0,0,0,0,0,0,0,0,0,0,0,0,0,0,0,0,0,0,0,0,0,0,0,0,0,0,0,0,0,0,0,0,0,0,0,0,0,0,0,0,0,0,0,0,0,0,0,0,0,0,0,0,0,0,0,0,0,0,0,0,0,0,0,0,0,0,0,0,0,0,0,0,0,0,0,0,0,0,0,0,0,0,0,0,0,0,0,0,0,0,0,0,0,0,0,0,0,0,0,0,0,0,0,0,0,0,0,0,0,0,0,0,0,0,0,0,0,0,0,0,0,0,0,0,0,0,0,0,0,0,0,0,0,0,0,0,0,0,0,0,0,0,0,0,0,0,0,0,0,0,0,0,0,0,0,0,0,0,0,0,0,0,0,0,0,0,0,0,0,0,0,0,0,0,0,0,0,0,0,0,0,0,0,0,0,0,0,0,0,0,0,0,0,0,0,0,0,0,0,0,0,0,0,0,0,0,0,0,0,0,0,0,0,0,0,0,0,0,0,0,0,0,0,0,0,0,0,0,0,0,0,0,0,0,0,0,0,0,0,0,0,0,0,0,0,0,0,0,0,0,0,0,0,0,0,0,0,0,0,0,0,0,0,0,0,0,0,0,0,0,0,0,0,0,0,0,0,0,0,0,0,0,0,0,0,0,0,0,0,0,0,0,0,0,0,0,0,0,0,0,0,0,0,0,0,0,0,0,0,0,0,0,0,0,0,0,0,0,0,0,0,0,0,0,0,0,0,0,0,0,0,0,0,0,0,0,0,0,0,0,0,0,0,0,0,0,0,0,0,0,0,0,0,0,0,0,0,0,0,0,0,0,0,0,0,0,0,0,0,0,0,0
Perry,0,0,0,0,0,0,0,0,0,0,0,0,0,0,0,0,0,0,0,0,0,0,0,0,0,0,0,0,0,0,0,0,0,0,0,0,0,0,0,0,0,0,0,0,0,0,0,0,0,0,0,0,0,0,0,0,0,0,0,0,0,0,0,0,0,0,1,0,0,0,0,2,1,1,0,0,4,4,2,1,0,0,1,0,0,0,1,2,0,0,0,3,0,2,1,0,0,1,3,0,2,1,1,0,0,0,0,0,0,1,0,0,0,1,0,4,0,1,0,1,1,0,2,2,0,1,5,1,2,1,2,2,1,0,2,3,0,1,0,0,0,1,1,1,1,0,1,3,1,2,3,1,0,2,0,0,1,0,0,0,0,0,0,0,0,0,0,2,1,0,1,1,1,2,1,1,0,0,0,0,0,1,1,3,4,1,0,2,2,1,0,2,5,2,0,0,0,0,1,2,1,0,0,1,3,4,3,5,5,5,1,3,1,3,2,0,2,3,7,2,0,1,1,0,2,0,0,0,1,1,3,1,0,0,2,1,1,2,5,3,3,3,1,2,0,5,2,3,1,4,1,5,7,2,2,0,3,4,6,3,2,3,7,4,2,5,11,8,3,7,8,10,4,7,3,8,4,1,3,4,1,3,7,9,3,0,3,12,5,6,4,2,13,9,8,19,10,4,9,3,9,21,11,23,13,10,15,17,8,18,15,16,7,7,7,25,42,25,26,21,23,29,43,34,64,39,62,29,35,36,37,27,44,37,30,36,52,39,21,40,20,26,25,45,23,20,30,30,4,27,28,36,30,50,29,33,29,46,37,13,20,19,20,21,19,12,10,15,8,21,19,18,92,67,24,13,14,14,11,14,24,18,18,19,22,10,12,14,7,10,12,10,12,18,5,7,4,5,6,9,12,10,13,3,2,8,2,12,10,16,13,4,8,7,5,7,7,12,3,15,11,14,12,22,12,4,8,14,5,18,13,8,9,26,6,14,22,23,13,11,9,16,18,18,20,2,5,30,12,19,14,15,16,5,15,24,6,18,11,12,7,13,15,12,9,17,9,6,10,9,6,15,10,2,2,13,12,8,7,3,5,2,4,8,3,11,0,3,4,6,2,1,1,4,1,0,13
Philadelphia,0,0,0,0,0,0,0,0,0,0,0,0,0,0,0,0,0,0,0,0,0,0,0,0,0,0,0,0,0,0,0,0,0,0,0,0,0,0,0,0,0,0,0,0,0,0,0,0,1,0,0,2,1,0,6,9,15,10,23,18,11,79,77,90,133,162,166,87,182,243,360,425,330,578,181,539,544,505,252,492,501,364,427,317,311,604,518,451,200,339,475,0,1198,651,0,689,302,577,358,665,669,0,0,903,370,287,350,470,364,330,102,224,242,314,256,257,0,347,179,227,341,309,225,0,0,504,237,175,255,224,0,252,153,126,121,126,122,0,162,131,129,156,121,110,0,137,116,64,68,118,0,0,275,219,108,0,250,89,0,209,142,124,143,136,29,0,245,91,68,259,113,26,0,208,148,144,157,135,37,0,396,150,132,228,201,0,0,500,142,132,136,141,0,0,311,106,106,109,134,0,0,328,136,141,185,147,129,0,162,84,137,105,117,145,0,118,85,116,88,152,112,0,171,131,235,167,134,0,0,254,43,0,145,99,108,0,163,87,97,88,54,0,0,242,76,103,108,75,0,0,265,615,159,135,141,0,0,305,276,181,251,252,0,0,0,646,278,179,309,0,0,624,291,229,238,411,0,0,1031,362,375,399,366,0,0,946,642,396,428,758,0,0,1781,898,0,1159,1210,0,0,2579,1070,829,811,1069,0,0,2417,1122,1242,0,1622,0,0,1799,660,1687,846,1838,0,0,2759,1516,1012,964,1081,0,0,2133,1334,948,972,700,0,0,1662,1025,744,723,0,0,0,1542,925,352,1179,0,0,0,1618,916,680,792,650,0,0,1551,818,672,586,669,0,0,0,1811,529,536,419,0,0,1045,686,359,538,471,0,0,1041,521,305,313,339,0,0,902,572,295,359,430,0,0,0,710,542,384,298,0,0,484,296,296,324,0,0,0,952,312,339,317,312,0,0,665,427,276,341,298,0,0,717,373,560,428,530,0,0,939,694,487,528,633,0,0,1307,713,615,569,0,0,0,1601,910,871,589,687,0,0,1569,130,1312,843,743,0,0,1322,746,683,594,474,0,0,1133,608,466,507,363,0,0,906,0,0,1141,0,0,0,781,0,0,843,0,0,0,658,0,0,495,0,0,0,581,0,0,426,0,0,0,0,352
Pike,0,0,0,0,0,0,0,0,0,0,0,0,0,0,0,0,0,0,0,0,0,0,0,0,0,0,0,0,0,0,0,0,0,0,0,0,0,0,0,0,0,0,0,0,0,0,0,0,0,0,1,0,0,0,0,0,1,1,0,0,0,0,1,4,7,8,4,6,6,9,9,11,15,14,17,11,11,12,15,27,18,4,9,35,12,8,14,5,6,3,10,3,10,11,9,2,3,10,7,9,5,11,11,3,4,3,4,3,5,5,1,8,10,3,4,2,0,1,8,1,3,2,1,1,0,-1,0,0,0,0,0,1,1,0,0,0,3,1,0,0,1,-1,0,0,0,0,3,1,1,0,0,2,0,0,0,0,0,3,1,1,2,0,2,2,2,1,0,1,0,0,0,0,0,1,2,1,1,0,2,2,1,1,2,0,2,2,2,0,1,0,0,0,0,1,1,0,0,0,0,0,0,0,0,0,1,0,0,1,0,0,1,2,1,1,0,2,0,1,1,2,3,0,0,1,1,-1,0,1,2,1,0,1,1,4,1,0,1,2,2,2,3,1,1,0,4,1,1,0,2,3,-1,3,1,5,4,0,2,4,1,1,3,1,1,0,2,3,0,1,1,0,2,2,0,0,1,0,2,0,1,4,1,2,5,4,1,1,8,4,7,9,8,2,5,12,7,8,7,7,7,4,15,6,17,6,15,7,6,5,6,17,8,10,2,6,11,16,17,23,22,16,6,22,18,11,16,29,19,16,19,13,27,26,23,8,15,18,17,33,21,19,16,12,10,26,39,22,33,8,3,23,47,37,32,40,17,18,36,23,19,24,19,22,27,27,27,16,15,20,11,18,18,21,24,17,18,11,13,28,6,9,13,19,30,3,14,19,18,28,18,2,10,9,10,15,15,22,2,1,13,11,16,19,18,5,8,8,33,25,27,9,10,5,15,18,29,16,13,7,11,18,34,30,36,18,12,11,22,50,19,33,25,22,5,41,27,23,15,29,14,6,30,17,30,40,16,23,16,29,28,19,21,25,7,5,28,23,19,15,18,7,9,13,20,26,21,20,7,2,17,11,12,24,12,8,2,6,11,16,11,7,1,7,5,4,13,6,10,1,2,4,-2,15,2,4,3,0,3
Potter,0,0,0,0,0,0,0,0,0,0,0,0,0,0,0,0,0,0,0,0,0,0,0,0,0,0,0,0,0,0,0,0,0,0,0,0,0,0,0,0,0,0,0,0,0,0,0,0,0,0,0,0,0,0,0,0,0,0,1,0,0,0,0,0,0,0,1,0,0,0,0,0,0,1,0,0,0,0,0,0,1,0,0,0,0,0,0,0,0,0,0,0,0,0,0,0,0,0,0,0,0,0,0,0,0,0,0,0,0,0,0,0,0,0,0,0,0,0,0,0,0,0,0,0,0,0,0,0,0,0,0,0,0,0,2,2,3,0,0,0,1,0,1,0,0,0,0,0,0,0,0,0,0,0,1,0,1,0,0,0,0,1,0,1,0,0,0,0,0,0,0,1,0,0,0,1,0,0,0,0,0,0,1,0,0,0,0,0,0,0,0,0,0,0,0,0,0,0,0,0,0,0,0,0,0,1,0,0,0,0,1,0,0,0,2,0,0,0,0,0,0,1,0,0,0,0,0,0,0,0,0,0,0,0,0,0,0,0,0,0,0,0,0,1,0,0,1,1,0,1,0,0,0,1,0,0,0,0,1,3,0,1,1,1,0,0,0,0,1,2,0,1,1,1,0,0,5,0,1,1,4,1,3,2,0,4,2,0,3,1,3,3,1,5,2,3,7,3,6,2,5,8,5,2,9,13,5,7,18,15,7,9,7,4,10,49,29,14,5,12,8,14,12,11,6,10,22,8,7,12,13,7,11,13,5,2,6,9,3,23,18,1,6,8,10,12,35,2,0,5,22,6,15,17,8,3,8,13,11,9,7,13,0,5,8,5,4,6,2,6,1,1,2,2,11,6,2,5,1,7,4,9,3,4,5,7,5,2,1,2,3,1,2,0,3,5,1,4,8,0,11,6,8,0,0,4,3,8,1,2,-2,1,3,0,3,1,1,0,0,2,2,1,0,4,1,0,0,4,-1,1,0,0,0,4,1,3,0,1,1,0,8,1,8,2,4,0,3,3,0,0,1,5,2,1,2,9,7,7,4,2,0,4,5,4,7,3,1,1,6,12,1,6,4,0,1,7,5,8,4,4,2,0,10,7,2,8,2,0,0,3,3,0,0,6,1,0,0
Schuylkill,0,0,0,0,0,0,0,0,0,0,0,0,0,0,0,0,0,0,0,0,0,0,0,0,0,0,0,0,0,0,0,0,0,0,0,0,0,0,0,0,0,0,0,0,0,0,0,0,0,0,0,0,0,0,0,0,0,0,0,0,1,2,2,2,2,4,3,5,9,8,9,7,9,14,13,13,16,17,13,15,15,9,4,8,12,24,8,10,7,6,10,6,7,10,11,10,3,6,13,25,7,9,11,3,7,14,3,8,7,14,2,6,19,12,16,6,13,4,5,7,7,12,16,9,7,8,1,5,10,7,8,0,12,3,5,2,3,0,1,2,5,4,9,4,4,6,5,2,4,1,10,1,1,4,2,9,6,3,1,1,0,6,3,3,1,0,1,4,2,4,4,4,3,0,3,3,10,3,18,5,6,2,2,2,5,8,5,1,11,7,8,5,5,7,4,4,5,2,1,1,7,3,3,6,2,8,4,5,3,2,5,5,1,7,1,0,4,1,4,3,5,-3,2,5,4,-1,2,10,2,6,4,4,0,3,3,4,6,5,2,5,3,4,3,4,3,8,18,7,21,21,17,15,13,16,20,0,34,19,20,11,12,22,37,19,18,20,21,38,16,34,48,39,24,26,50,37,78,35,43,50,40,57,38,42,36,42,37,40,29,30,55,31,54,83,54,54,65,65,71,57,96,70,54,65,91,79,64,77,158,85,106,114,77,35,42,85,92,142,154,75,72,94,75,123,269,88,128,121,100,112,185,107,123,140,124,137,142,132,132,129,132,53,138,145,100,131,363,110,70,121,196,161,187,179,77,73,118,133,116,97,149,68,76,119,57,98,85,100,53,28,90,53,58,95,84,47,31,40,25,20,40,54,46,12,49,28,37,30,42,40,19,23,27,40,16,24,28,22,34,17,24,15,23,12,15,28,24,28,19,30,20,8,27,15,24,19,24,13,10,25,21,14,38,30,25,26,33,51,41,41,106,-50,20,42,52,49,52,61,22,12,56,50,40,63,30,44,24,56,49,43,50,60,21,7,65,47,41,38,33,40,10,37,57,26,79,17,31,15,52,30,23,39,38,14,7,53,26,22,25,24,14,6,13,20,13,21,16,17,8,8,15,7,14,8,7,3,8
Snyder,0,0,0,0,0,0,0,0,0,0,0,0,0,0,0,0,0,0,0,0,0,0,0,0,0,0,0,0,0,0,0,0,0,0,0,0,0,0,0,0,0,0,0,0,0,0,0,0,0,0,0,0,0,0,0,0,0,0,0,0,0,0,0,0,0,0,1,1,0,0,1,0,1,2,2,0,1,0,0,3,4,4,3,1,0,0,1,2,0,1,2,1,0,0,1,1,0,0,0,0,0,0,0,0,0,0,0,0,0,0,0,0,0,0,0,0,0,0,0,0,0,2,3,0,0,0,1,0,0,3,3,0,0,0,6,2,1,1,0,2,2,0,0,0,0,1,0,0,1,0,0,0,0,0,0,0,0,2,2,0,1,0,1,0,1,0,0,0,3,1,0,0,0,0,2,0,0,1,4,0,2,1,3,0,1,1,0,0,3,2,0,1,1,3,1,2,0,1,0,1,2,2,3,3,1,3,2,4,2,4,1,2,3,3,3,2,2,4,0,3,9,4,0,2,1,3,4,3,5,2,2,5,2,4,6,5,1,15,12,7,9,3,6,5,6,11,2,13,7,9,1,10,17,5,19,0,29,1,7,4,1,11,1,5,3,3,2,1,4,2,3,3,6,4,3,6,5,2,2,9,1,7,10,4,6,3,5,11,11,8,13,4,12,13,26,19,15,27,8,16,55,21,18,23,24,16,12,16,20,29,29,25,17,9,25,35,49,31,26,16,17,33,24,34,50,24,21,20,48,36,54,23,44,25,24,16,42,18,23,14,13,5,23,34,31,19,24,15,15,27,39,43,31,43,14,4,28,53,14,14,18,19,17,27,23,12,16,23,7,5,8,35,10,37,20,6,11,14,21,14,169,21,11,4,14,24,16,11,18,8,-15,12,14,10,9,8,1,3,3,12,5,9,7,13,24,11,10,5,15,10,9,0,32,7,17,1,19,8,3,6,3,7,8,13,4,3,7,14,-2,12,8,8,3,8,7,4,11,11,3,4,10,8,5,12,11,8,4,12,9,16,7,20,3,1,11,8,9,0,5,5,4,8,5,3,12,7,4,5,9,11,8,5,9,5,1,11,12,5,4,4,3,1,7,4,2,3,6,1,2,0,7,0,0,2,0,0,2
Somerset,0,0,0,0,0,0,0,0,0,0,0,0,0,0,0,0,0,0,0,0,0,0,0,0,0,0,0,0,0,0,0,0,0,0,0,0,0,0,0,0,0,0,0,0,0,0,0,0,0,0,0,0,0,0,0,0,0,0,0,0,0,0,1,1,0,0,0,0,0,0,1,0,0,0,1,2,1,0,0,3,0,2,1,0,1,0,1,2,1,1,0,0,1,2,3,0,0,1,0,0,0,3,0,1,0,2,0,0,0,0,0,0,0,0,0,0,1,3,0,1,0,0,0,0,0,0,0,0,0,1,0,0,0,0,0,0,1,0,0,0,0,0,0,1,0,1,0,0,1,4,1,0,1,0,1,3,3,2,4,0,0,0,1,1,0,0,1,0,3,2,4,3,5,0,3,2,2,3,1,2,0,3,3,5,1,0,0,6,1,1,3,3,4,0,1,3,-1,0,2,4,1,1,1,2,0,2,2,0,1,0,2,1,5,2,3,0,1,3,1,1,2,0,1,2,5,2,5,2,1,0,1,3,4,2,3,0,0,0,0,2,4,2,2,1,0,5,0,1,3,3,1,0,1,5,6,0,7,0,1,7,13,2,4,8,1,4,1,5,24,5,6,6,6,3,10,11,17,19,7,14,8,14,15,12,13,14,10,13,3,17,28,14,24,95,63,15,71,14,44,34,30,82,57,63,200,80,27,75,44,88,72,85,45,45,50,62,68,106,153,96,31,91,59,77,218,122,150,119,123,185,72,72,117,127,116,70,78,93,46,91,53,22,104,49,103,85,63,29,41,53,88,67,161,118,75,27,46,60,40,62,64,36,23,25,46,25,20,29,13,32,11,44,24,28,24,20,11,26,11,20,18,16,13,8,19,12,20,12,14,16,7,10,7,12,12,16,9,5,13,10,12,10,11,5,5,2,6,4,9,17,-3,2,25,13,5,7,16,4,2,14,13,11,7,8,5,4,16,13,11,8,14,12,17,4,16,3,10,30,5,2,27,11,8,22,7,24,9,37,35,20,18,23,20,7,28,18,32,22,28,21,7,25,28,25,41,13,28,18,17,10,22,18,28,5,6,13,20,7,16,19,6,10,23,10,25,26,9,11,1,13,14,13,3,13,5,4,6
Sullivan,0,0,0,0,0,0,0,0,0,0,0,0,0,0,0,0,0,0,0,0,0,0,0,0,0,0,0,0,0,0,0,0,0,0,0,0,0,0,0,0,0,0,0,0,0,0,0,0,0,0,0,0,0,0,0,0,0,0,0,0,0,0,0,0,0,0,0,0,0,0,0,0,0,1,0,0,0,0,0,0,0,0,0,0,0,0,0,0,0,0,0,0,0,0,0,0,0,0,0,0,0,0,0,0,0,0,0,0,0,0,0,0,0,0,1,0,0,0,0,0,0,0,0,0,0,0,0,0,1,0,0,0,0,0,0,0,0,0,0,0,0,0,0,0,0,0,0,0,0,0,0,0,0,0,0,0,0,1,1,0,0,0,1,0,4,0,0,0,0,0,0,0,0,0,0,0,0,0,0,0,0,0,0,0,0,0,0,0,0,0,0,0,0,0,0,0,0,0,0,0,0,0,0,0,0,0,0,0,0,0,0,0,0,0,0,0,0,0,0,0,0,0,0,0,0,0,0,0,0,0,0,0,0,0,0,0,0,0,0,1,0,0,0,0,0,0,0,0,1,1,0,0,0,0,0,0,2,0,0,0,0,0,0,0,0,0,0,0,0,0,0,1,0,0,1,0,1,0,1,0,0,0,1,0,1,0,1,0,0,0,0,0,0,1,1,3,4,1,1,1,0,5,0,2,2,1,0,1,1,3,7,5,1,2,4,5,2,2,4,2,1,4,4,6,6,2,1,2,3,1,2,2,2,1,3,3,2,3,2,2,3,1,0,4,3,4,5,1,1,2,11,7,5,2,2,0,2,7,3,2,0,17,2,4,3,3,7,21,0,0,1,1,2,0,7,13,1,2,0,0,4,3,0,1,1,0,4,3,2,2,1,0,1,0,-5,3,1,0,0,2,0,1,1,0,0,1,0,1,0,0,4,0,2,1,0,0,2,0,-1,11,6,0,1,1,0,0,1,0,0,1,0,0,0,2,0,3,1,3,1,0,0,1,4,2,4,5,0,-2,3,1,3,3,0,2,2,4,5,0,3,1,3,3,0,4,4,3,1,2,0,0,3,1,2,1,2,3,2,1,1,2,0,0,0,0,-1,0,0,2,0,1,0,0,3,0,0,0,0
Susquehanna,0,0,0,0,0,0,0,0,0,0,0,0,0,0,0,0,0,0,0,0,0,0,0,0,0,0,0,0,0,0,0,0,0,0,0,0,0,0,0,0,0,0,0,0,0,0,0,0,0,0,0,0,0,0,0,0,0,0,0,0,0,0,0,0,1,0,0,0,0,0,1,1,1,1,1,0,5,3,2,6,1,2,6,1,8,9,9,1,4,3,5,0,1,4,1,2,2,1,-1,3,0,0,1,1,0,1,-1,0,-5,0,0,0,0,1,0,1,0,2,0,2,3,3,2,1,0,1,1,1,10,0,0,1,0,1,12,1,9,15,6,0,1,9,2,3,1,1,1,0,1,5,0,0,0,0,0,0,1,2,0,1,0,0,1,2,0,0,1,4,0,0,2,1,2,1,-1,0,0,0,0,0,0,6,1,1,0,1,0,0,2,0,2,1,0,1,0,2,0,0,1,1,0,0,1,2,1,1,1,1,0,5,3,6,5,5,1,1,2,3,3,4,5,1,2,2,1,4,3,3,0,1,0,3,0,0,2,0,1,1,2,1,2,0,0,0,0,0,0,0,0,0,0,1,3,0,3,0,7,1,2,2,8,5,11,5,4,7,2,5,4,5,1,3,5,4,1,8,3,5,1,4,3,2,5,3,4,5,14,3,4,4,5,1,3,7,7,2,3,9,1,3,9,4,5,26,13,6,6,18,9,7,2,14,7,4,7,8,6,12,22,3,9,33,10,13,16,14,8,1,16,14,23,6,11,15,7,10,18,31,12,3,19,1,12,26,21,18,9,7,6,24,17,23,23,39,15,3,15,32,19,18,10,14,5,23,21,19,21,13,8,7,23,8,14,13,21,4,4,4,5,14,8,23,9,1,13,5,10,10,11,-1,3,6,8,6,4,3,1,0,14,5,3,4,4,4,1,9,6,9,2,4,3,4,7,7,7,1,9,2,3,16,15,17,8,10,7,1,8,16,27,28,9,3,3,25,31,21,12,21,8,2,20,10,15,21,14,3,3,25,16,24,16,20,10,2,17,31,11,15,12,7,4,28,24,21,19,15,3,0,10,14,10,8,7,4,3,17,9,8,5,3,3,1,3,4,2,7,31,2,3,-1,2,2,1,6,1,0,0
Tioga,0,0,0,0,0,0,0,0,0,0,0,0,0,0,0,0,0,0,0,0,0,0,0,0,0,0,0,0,0,0,0,0,0,0,0,0,0,0,0,0,0,0,0,0,0,0,0,0,0,0,0,0,0,0,0,0,0,0,0,0,0,0,0,0,0,0,1,0,0,1,0,0,1,0,0,5,2,0,0,1,1,1,1,-1,0,0,1,0,0,0,1,0,-1,0,0,0,0,0,0,2,0,0,0,0,0,0,0,0,0,0,0,0,0,0,0,0,0,0,0,0,0,0,0,0,0,0,0,0,1,0,0,0,2,0,0,0,0,0,0,0,0,1,0,0,0,0,0,0,0,0,0,2,1,0,0,0,0,1,0,1,0,0,0,1,0,1,0,0,0,0,0,2,0,0,1,1,1,0,0,0,0,1,0,0,1,1,-1,0,0,0,0,1,0,0,0,1,0,1,0,1,0,0,0,1,1,1,0,0,0,1,0,3,0,0,1,0,0,0,0,1,1,0,1,0,0,-1,0,0,0,1,1,0,0,0,1,-1,2,1,0,-1,4,5,3,0,0,1,1,1,1,2,0,3,5,3,2,0,12,0,6,1,1,1,0,10,3,5,0,4,7,7,8,2,5,4,4,10,15,6,5,6,8,2,15,11,12,5,14,8,13,15,25,22,5,19,27,22,38,19,59,14,25,36,14,25,61,63,14,3,33,32,58,18,52,5,47,25,62,32,22,23,22,39,67,107,45,13,56,24,23,33,34,20,36,21,24,20,9,13,20,6,13,20,13,12,15,13,19,15,8,18,30,13,14,23,14,9,14,10,6,6,14,4,9,8,10,5,9,15,10,10,7,6,7,6,18,6,4,8,8,11,8,15,9,6,9,2,6,5,7,4,5,5,5,7,10,7,1,1,5,5,8,4,3,2,2,4,1,3,9,7,3,2,4,4,4,5,3,3,1,7,3,2,3,14,3,3,5,10,11,20,11,10,7,8,5,13,9,17,9,2,13,6,15,7,13,6,4,5,8,5,9,9,5,7,7,8,10,9,8,5,14,3,5,6,9,4,5,3,8,15,12,3,6,8,1,7,9,7,2,7,3,3,5,8,8,7,8,4,6,8,1,8,5,8,2,4,6
Unassigned,0,0,0,0,0,0,0,0,0,0,0,0,0,0,0,0,0,0,0,0,0,0,0,0,0,0,0,0,0,0,0,0,0,0,0,0,0,0,0,0,0,0,0,0,0,0,0,0,0,0,0,0,0,0,0,0,0,0,0,0,0,0,0,0,0,0,0,0,0,0,0,0,0,0,0,0,0,0,0,0,0,0,0,0,0,0,0,0,0,0,0,0,0,0,0,0,0,0,0,0,0,0,0,0,0,0,0,0,0,0,0,0,0,0,0,0,0,0,0,0,0,0,0,0,0,0,0,0,0,0,0,0,0,0,0,0,0,0,0,0,0,0,0,0,0,0,0,0,0,0,0,0,0,0,0,0,0,0,0,0,0,0,0,0,0,0,0,0,0,0,0,0,0,0,0,0,0,0,0,0,0,0,0,0,0,0,0,0,0,0,0,0,0,0,0,0,0,0,0,0,0,0,0,0,0,0,0,0,0,0,0,0,0,0,0,0,0,0,0,0,0,0,0,0,0,0,0,0,0,0,0,0,0,0,0,0,0,0,0,0,0,0,0,0,0,0,0,0,0,0,0,0,0,0,0,0,0,0,0,0,0,0,0,0,0,0,0,0,0,0,0,0,0,0,0,0,0,0,0,0,0,0,0,0,0,0,0,0,0,0,0,0,0,0,0,0,0,0,0,0,0,0,0,0,0,0,0,0,0,0,0,0,0,0,0,0,0,0,0,0,0,0,0,0,0,0,0,0,0,0,0,0,0,0,0,0,0,0,0,0,0,0,0,0,0,0,0,0,0,0,0,0,0,0,0,0,0,0,0,0,0,0,0,0,0,0,0,0,0,0,0,0,0,0,0,0,0,0,0,0,0,0,0,0,0,0,0,0,0,0,0,0,0,0,0,0,0,0,0,0,0,0,0,0,0,0,0,0,0,0,0,0,0,0,0,0,0,0,0,0,0,0,0,0,0,0,0,0,0,0,0,0,0,0,0,0,0,0,0,0,0,0,0,0,0,0,0,0,0,0,0,0,0,0,0,0,0,0,0,0,0,0,0,0,0,0,0,0,0,0,0,0,0,0,0,0,0,0,0,0,0,0,0,0,0,0,0,0,0,0,0,0,0,0,0,0,0
Union,0,0,0,0,0,0,0,0,0,0,0,0,0,0,0,0,0,0,0,0,0,0,0,0,0,0,0,0,0,0,0,0,0,0,0,0,0,0,0,0,0,0,0,0,0,0,0,0,0,0,0,0,0,0,0,0,0,0,0,0,0,0,0,0,0,1,-1,0,4,0,-2,0,1,2,1,0,1,1,3,1,2,5,2,2,0,2,1,1,0,1,1,1,0,1,0,0,0,2,0,3,1,1,0,0,0,1,1,0,0,0,1,0,1,1,1,2,1,4,-1,6,5,0,-9,1,1,2,0,0,1,2,0,3,-2,3,2,5,1,2,0,1,1,4,2,0,2,5,-4,-1,0,1,1,3,1,0,0,0,1,0,0,2,0,-1,2,1,1,0,0,1,2,-1,0,1,1,1,5,3,0,1,1,1,3,-1,0,2,1,3,4,1,4,1,6,-3,33,7,1,18,10,5,10,2,7,13,24,14,0,3,13,14,-1,5,12,22,3,7,5,2,-2,0,0,13,-5,4,6,9,4,7,0,10,-1,11,-3,-3,5,4,5,2,8,4,-1,10,3,0,1,7,3,-9,1,10,8,0,3,0,-3,5,13,0,68,10,3,5,1,9,11,3,11,2,6,18,-3,2,5,5,0,1,12,13,6,12,10,-1,3,3,9,12,19,1,3,7,3,11,15,38,22,13,10,33,21,44,37,13,15,10,43,103,47,74,27,43,78,97,67,23,20,16,30,30,42,48,41,17,32,35,30,55,61,32,48,39,16,44,44,31,69,30,52,62,55,26,71,36,18,16,27,34,41,49,13,30,18,48,53,55,78,105,41,35,36,108,29,24,34,20,6,15,59,30,35,37,17,26,23,31,26,39,28,17,15,9,9,27,738,2,20,17,20,0,37,26,15,30,33,5,11,-4,2,14,9,2,4,19,24,128,13,-20,3,-3,12,0,-2,8,5,0,8,11,3,5,6,-9,3,9,5,16,10,8,10,0,3,11,29,-13,2,2,6,-3,5,7,15,15,8,6,22,19,18,7,25,14,16,21,25,20,16,44,24,7,18,12,18,13,24,10,8,10,29,17,21,8,15,5,4,13,8,20,11,2,4,12,12,13,4,3,3,4,10,5,8,10,3,1,5,7,5,5,4,1,2,1,1
Venango,0,0,0,0,0,0,0,0,0,0,0,0,0,0,0,0,0,0,0,0,0,0,0,0,0,0,0,0,0,0,0,0,0,0,0,0,0,0,0,0,0,0,0,0,0,0,0,0,0,0,0,0,0,0,0,0,0,0,0,0,0,0,0,0,0,0,0,1,0,2,0,0,0,0,0,2,0,0,0,0,1,0,0,0,0,0,0,0,0,0,0,0,1,0,0,0,0,0,0,0,0,0,0,0,0,0,0,0,0,0,0,0,0,0,0,0,1,0,0,0,0,0,0,0,0,0,0,0,0,1,0,0,0,0,1,5,0,0,0,1,0,0,1,0,0,0,0,0,0,0,0,0,0,0,0,0,0,1,0,0,0,1,4,0,0,4,0,1,6,1,-1,1,1,2,8,3,0,3,-1,0,0,2,0,0,0,0,2,0,4,1,0,2,0,0,0,0,0,1,0,0,0,1,1,2,0,0,1,-1,0,1,0,0,1,0,0,0,1,0,0,0,0,0,0,0,0,2,0,0,0,2,0,0,0,0,0,3,0,0,2,1,0,0,1,0,2,0,2,-1,0,1,-1,3,1,5,2,0,2,0,5,2,6,3,3,6,2,4,14,7,5,7,7,5,6,8,5,11,8,3,11,4,31,8,11,9,9,10,6,46,17,12,17,18,6,18,11,46,19,12,17,22,16,25,36,23,27,22,25,26,19,70,28,18,28,32,37,44,45,31,48,42,40,59,101,32,47,66,66,71,47,58,38,44,52,30,80,49,29,24,49,44,38,6,25,21,22,56,47,34,16,34,35,33,20,61,46,21,23,37,25,16,19,30,15,11,11,8,11,20,18,13,5,11,18,13,21,14,9,19,12,6,17,18,7,3,12,5,13,8,12,11,3,4,7,6,13,6,-1,9,13,9,10,7,8,10,7,10,7,7,9,7,7,10,12,3,2,14,7,10,2,3,5,12,2,3,0,1,2,2,0,2,61,-53,4,7,17,9,16,7,1,1,7,9,4,9,5,6,8,2,7,10,7,11,4,2,6,13,5,10,17,9,3,7,10,7,6,12,17,7,8,11,13,9,15,9,17,16,5,9,19,25,4,9,13,3,10,7,14,4,4,7,19,3,9,2,2,1,2
Warren,0,0,0,0,0,0,0,0,0,0,0,0,0,0,0,0,0,0,0,0,0,0,0,0,0,0,0,0,0,0,0,0,0,0,0,0,0,0,0,0,0,0,0,0,0,0,0,0,0,0,0,0,0,0,0,0,0,0,0,0,0,0,0,1,0,0,0,0,0,0,0,0,0,0,0,0,0,0,0,0,0,0,0,0,0,0,0,0,0,0,1,0,-1,0,0,0,0,0,0,0,0,0,0,0,0,0,0,0,0,0,0,0,1,0,0,0,0,0,0,0,1,0,0,0,0,0,0,0,0,0,0,0,0,1,1,0,0,0,0,0,0,0,0,0,0,0,0,0,0,0,0,0,0,0,0,0,0,0,0,0,1,1,0,0,0,0,0,0,0,0,2,0,1,0,0,1,0,0,1,1,0,1,0,0,0,0,0,0,0,1,0,0,1,2,1,1,0,0,2,1,0,0,0,0,-1,0,1,0,0,0,0,0,3,-1,1,0,0,0,0,1,0,0,0,1,3,3,2,0,1,0,0,3,0,0,0,1,0,2,-1,0,0,0,0,0,0,0,0,0,1,0,0,1,0,0,0,0,1,0,1,0,0,4,2,4,0,1,1,0,1,0,0,0,0,1,2,0,0,0,1,1,2,0,5,0,0,3,4,2,1,1,1,2,0,5,3,3,3,9,3,0,7,6,8,22,0,9,2,7,22,25,12,19,7,10,36,30,36,13,30,28,58,70,62,55,33,37,26,43,28,36,68,12,64,5,110,76,26,19,25,32,22,25,53,35,14,57,29,17,9,50,25,16,30,44,4,18,14,26,15,11,6,4,20,3,17,17,15,12,9,10,7,11,6,5,38,2,6,8,5,5,3,6,15,3,3,11,3,2,12,2,2,3,2,2,8,10,0,3,5,2,2,9,3,4,6,20,3,6,3,6,-1,6,5,2,8,0,8,0,1,4,4,2,1,3,0,0,4,4,3,6,2,1,1,6,6,4,5,7,4,15,6,8,9,20,13,1,6,3,6,23,14,6,1,7,8,6,2,10,2,1,5,9,7,5,6,3,2,8,1,39,2,6,5,0,1,8,4,6,1,3,0,5,3,1,3,7,5,1,1,0,4,0,2,1,0,1,0
Washington,0,0,0,0,0,0,0,0,0,0,0,0,0,0,0,0,0,0,0,0,0,0,0,0,0,0,0,0,0,0,0,0,0,0,0,0,0,0,0,0,0,0,0,0,0,0,0,0,0,0,0,1,0,0,0,1,0,1,0,2,2,0,2,1,2,2,9,1,2,7,2,3,2,6,4,3,4,2,4,3,0,2,1,1,1,2,2,4,3,1,3,1,5,4,3,2,6,2,4,2,1,2,1,1,0,1,-1,1,3,0,0,2,1,2,0,1,1,2,-3,0,0,4,1,3,0,0,0,1,0,0,0,1,0,0,0,1,5,1,2,1,1,0,2,2,0,1,0,2,0,4,3,3,0,3,5,8,3,10,14,5,3,11,14,15,20,16,23,21,17,10,44,20,17,7,11,29,24,17,5,19,21,12,11,10,24,17,15,12,18,11,13,17,7,9,8,9,12,23,13,8,11,15,7,9,9,11,8,4,7,14,6,11,15,12,8,3,4,11,7,18,17,6,12,12,20,22,9,11,6,8,8,6,7,14,13,6,14,22,6,12,18,7,5,4,8,18,1,9,8,10,8,18,11,13,15,0,31,15,16,4,15,10,13,13,18,18,7,14,17,31,29,21,24,19,36,64,29,13,21,64,41,38,74,38,17,35,45,48,65,53,55,35,67,80,57,98,86,51,108,70,117,117,153,103,117,54,119,134,101,116,135,139,34,64,112,81,185,128,233,116,82,131,112,141,294,206,124,108,216,140,135,99,219,51,159,143,150,176,114,72,54,48,289,71,149,137,194,67,117,105,207,126,221,232,80,82,133,183,197,120,112,124,64,108,111,104,51,123,51,94,73,104,81,104,79,31,34,86,59,71,62,75,54,25,54,34,34,48,48,32,33,51,33,35,32,31,41,10,30,33,14,43,23,14,26,39,29,38,30,41,22,12,65,44,29,36,51,16,3,63,44,38,47,60,34,16,80,86,37,98,120,-29,71,87,80,40,89,102,23,22,112,64,72,94,52,77,27,78,138,59,71,73,30,11,70,72,34,52,70,36,14,56,27,34,97,36,53,25,33,32,33,40,59,20,9,63,45,20,25,58,10,7,34,18,45,39,19,32,7,36,14,11,19,8,7,1,11
Wayne,0,0,0,0,0,0,0,0,0,0,0,0,0,0,0,0,0,0,0,0,0,0,0,0,0,0,0,0,0,0,0,0,0,0,0,0,0,0,0,0,0,0,0,0,1,0,0,0,0,0,0,0,0,0,0,0,0,0,0,0,1,1,1,0,2,0,0,1,3,0,4,3,6,5,5,2,5,7,2,4,4,6,4,3,5,2,4,3,0,1,1,0,1,1,4,0,1,0,2,5,2,2,5,0,0,1,3,0,3,1,0,0,-10,0,0,1,0,0,2,0,2,3,2,0,1,0,0,0,1,0,0,1,0,0,1,2,0,3,-2,0,-1,2,0,1,0,0,0,0,2,1,1,0,0,1,0,2,5,-1,2,0,1,0,0,2,-1,0,0,0,0,0,0,0,0,0,0,2,1,4,0,0,1,0,-1,3,0,1,1,1,0,2,1,1,0,0,0,-1,0,0,1,2,0,2,0,0,0,0,0,2,0,1,0,3,1,0,1,1,4,0,0,1,1,-2,0,3,3,0,4,3,4,3,0,1,-1,3,3,1,0,2,0,4,3,3,2,2,2,2,1,1,2,6,2,3,1,7,8,0,3,0,1,3,0,3,1,1,0,1,2,5,4,3,0,-1,2,0,1,1,0,0,0,0,2,4,2,2,1,0,3,2,3,6,5,5,4,4,5,2,8,-1,8,3,6,3,10,13,8,13,5,8,15,17,16,16,46,11,31,16,20,35,28,37,6,10,25,26,82,39,78,102,19,83,34,32,33,14,70,9,76,61,83,78,24,9,22,76,33,38,84,17,3,58,17,65,56,30,35,25,24,27,41,21,44,18,14,21,19,17,22,14,13,15,11,22,16,24,22,14,38,26,6,4,14,23,23,8,7,12,11,16,9,19,0,10,12,11,23,6,11,2,11,6,10,32,14,7,9,12,7,19,6,14,15,1,9,5,10,8,7,10,3,17,17,11,16,10,10,2,6,17,9,13,14,9,6,19,15,18,15,20,4,3,49,6,13,20,16,7,16,21,18,20,23,23,11,8,12,16,19,17,24,21,8,12,20,32,13,12,8,12,13,14,11,21,4,5,5,10,3,9,8,11,3,6,9,4,7,14,15,1,2,1,5,5,6,1,1,0,0
Westmoreland,0,0,0,0,0,0,0,0,0,0,0,0,0,0,0,0,0,0,0,0,0,0,0,0,0,0,0,0,0,0,0,0,0,0,0,0,0,0,0,0,0,0,0,0,0,0,0,0,0,0,0,0,0,0,0,0,0,2,2,0,0,2,5,5,8,6,11,6,8,6,11,12,26,25,12,10,20,6,7,12,16,5,5,3,6,3,9,31,4,2,5,9,7,10,43,14,3,6,3,5,2,3,5,2,2,4,2,2,2,2,1,1,0,3,1,0,4,5,-1,1,2,2,1,3,1,1,0,1,1,3,2,0,2,2,2,1,1,2,2,6,6,1,9,4,3,2,1,5,4,8,9,11,16,6,11,15,9,20,13,20,6,29,36,33,30,27,27,35,33,21,35,23,19,16,23,21,35,28,18,18,21,19,21,20,18,19,31,11,14,24,31,27,13,16,19,7,11,9,16,23,14,16,2,18,13,7,16,11,7,13,18,20,18,20,15,9,8,15,15,11,13,7,6,4,18,14,10,7,20,9,10,7,11,20,17,8,15,8,10,18,11,14,22,16,12,39,15,34,19,22,21,14,17,22,54,0,63,45,39,39,69,72,82,52,90,89,60,148,109,102,73,65,64,89,133,64,72,59,66,72,91,74,68,70,66,63,70,90,56,82,76,103,96,119,138,207,119,155,187,167,155,228,259,189,218,175,156,240,273,253,263,284,173,129,199,183,400,412,437,285,237,253,197,505,657,568,371,295,542,346,397,248,410,213,361,302,327,368,215,142,167,91,466,215,263,118,355,127,232,228,331,279,346,273,231,173,207,277,203,153,173,134,80,198,173,107,91,140,57,156,52,141,88,120,85,42,63,117,115,70,62,72,78,59,93,84,86,66,98,77,52,98,47,92,45,98,50,26,78,68,53,98,94,25,50,47,74,56,95,61,22,31,100,66,59,66,76,42,34,105,73,66,123,81,77,50,105,103,65,166,357,-201,114,122,126,87,130,214,56,57,164,119,130,165,118,187,61,171,164,152,166,101,70,45,158,137,94,97,115,78,38,116,53,61,167,56,70,53,87,143,53,68,116,34,18,79,45,36,40,74,24,7,83,39,53,50,32,46,9,25,34,26,24,18,13,5,20
Wyoming,0,0,0,0,0,0,0,0,0,0,0,0,0,0,0,0,0,0,0,0,0,0,0,0,0,0,0,0,0,0,0,0,0,0,0,0,0,0,0,0,0,0,0,0,0,0,0,0,0,0,0,0,0,0,0,0,0,0,0,0,0,0,0,0,0,0,0,0,0,0,0,1,1,3,0,0,0,0,1,0,2,1,3,-1,2,1,2,0,1,0,0,0,0,0,0,0,1,0,1,1,1,4,0,2,0,0,0,1,2,0,0,1,0,0,-3,1,0,1,0,0,2,1,0,0,0,0,0,1,0,0,0,0,0,0,0,0,0,0,1,1,0,0,0,0,0,0,0,0,0,0,0,1,0,0,0,0,0,0,0,0,1,0,0,1,0,0,1,0,0,1,1,2,1,2,1,0,0,1,2,1,0,0,1,3,0,0,0,0,1,0,0,0,0,0,0,1,0,0,0,2,0,1,0,0,1,1,0,0,0,0,1,0,0,1,0,0,0,0,0,1,0,0,1,0,0,1,2,0,0,0,0,0,1,0,1,0,0,0,0,0,0,0,0,0,0,0,1,1,1,1,2,0,0,0,1,0,1,0,0,0,1,0,0,1,3,6,1,1,3,3,1,0,1,2,4,3,1,0,3,12,4,11,3,18,9,8,6,10,7,11,7,7,11,9,8,26,5,17,8,2,23,8,18,10,16,6,6,10,16,6,10,11,5,2,10,10,9,13,3,10,7,10,7,16,18,9,15,3,11,7,10,8,19,5,16,11,13,19,9,5,9,6,11,21,7,21,13,8,1,8,15,9,20,14,11,5,6,7,11,7,12,11,3,6,8,1,7,13,6,2,9,10,9,10,2,4,3,5,6,1,5,5,7,3,1,9,5,2,5,1,0,4,2,7,5,6,5,3,2,3,3,3,2,2,6,3,1,9,3,5,0,4,1,1,3,6,4,4,3,6,13,16,12,14,7,4,11,13,13,15,15,7,16,20,19,21,22,19,28,10,19,23,18,19,18,9,7,24,20,16,13,15,7,4,5,12,10,14,18,6,3,6,6,8,9,10,4,6,7,3,5,4,5,5,2,3,4,3,6,4,4,4,4,4,1,7,14,6,1,10,7,2,6,3,3,2,3
York,0,0,0,0,0,0,0,0,0,0,0,0,0,0,0,0,0,0,0,0,0,0,0,0,0,0,0,0,0,0,0,0,0,0,0,0,0,0,0,0,0,0,0,0,0,0,0,0,0,0,0,0,0,0,0,0,2,0,4,3,1,0,8,2,1,9,7,6,11,12,13,23,19,23,27,18,29,15,17,33,10,14,24,40,10,12,50,20,18,12,24,14,15,17,15,15,13,8,10,17,10,13,15,23,14,6,18,13,14,6,11,9,10,14,11,7,16,6,9,6,11,12,9,20,6,13,13,14,21,9,7,6,15,9,1,2,9,33,4,8,8,15,24,16,5,7,14,12,14,20,26,41,55,30,19,18,10,15,13,21,38,16,24,22,18,14,4,41,38,22,77,39,20,8,14,36,34,21,12,10,21,46,15,31,21,33,9,21,14,27,20,26,17,39,25,15,35,44,41,16,71,19,46,43,71,50,53,30,23,22,37,45,27,48,33,17,22,31,43,37,32,27,40,74,48,128,49,72,34,34,25,57,40,66,129,43,49,42,75,28,30,62,37,30,34,52,44,102,32,44,23,40,50,30,37,0,99,18,46,68,61,33,82,30,42,66,62,34,59,76,67,45,75,42,52,72,66,40,72,90,79,61,85,86,26,56,83,66,79,46,146,83,87,89,131,126,135,97,108,142,238,178,193,150,128,559,93,223,183,267,176,202,195,201,136,373,677,389,796,272,122,469,514,581,348,465,733,445,289,421,324,483,400,321,368,204,565,358,222,360,251,205,244,383,363,298,293,212,72,450,432,309,361,445,339,265,246,270,388,183,279,363,198,244,225,205,258,194,190,222,139,283,572,452,219,253,121,201,114,137,143,216,240,152,152,132,196,141,167,169,81,78,139,149,106,132,77,46,101,115,81,106,105,73,66,60,95,103,120,99,58,53,74,129,112,142,106,86,51,92,135,151,136,201,83,63,93,247,154,246,588,-328,84,187,183,165,174,173,125,80,124,204,165,160,225,144,86,233,172,197,217,210,129,68,161,197,182,132,168,121,83,124,121,142,164,159,112,87,123,124,105,133,117,52,44,72,84,81,57,90,43,44,87,71,56,100,66,32,33,33,50,45,44,47,28,16,30
